RegionID,SizeRank,RegionName,RegionType,StateName,2/29/08,3/31/08,4/30/08,5/31/08,6/30/08,7/31/08,8/31/08,9/30/08,10/31/08,11/30/08,12/31/08,1/31/09,2/28/09,3/31/09,4/30/09,5/31/09,6/30/09,7/31/09,8/31/09,9/30/09,10/31/09,11/30/09,12/31/09,1/31/10,2/28/10,3/31/10,4/30/10,5/31/10,6/30/10,7/31/10,8/31/10,9/30/10,10/31/10,11/30/10,12/31/10,1/31/11,2/28/11,3/31/11,4/30/11,5/31/11,6/30/11,7/31/11,8/31/11,9/30/11,10/31/11,11/30/11,12/31/11,1/31/12,2/29/12,3/31/12,4/30/12,5/31/12,6/30/12,7/31/12,8/31/12,9/30/12,10/31/12,11/30/12,12/31/12,1/31/13,2/28/13,3/31/13,4/30/13,5/31/13,6/30/13,7/31/13,8/31/13,9/30/13,10/31/13,11/30/13,12/31/13,1/31/14,2/28/14,3/31/14,4/30/14,5/31/14,6/30/14,7/31/14,8/31/14,9/30/14,10/31/14,11/30/14,12/31/14,1/31/15,2/28/15,3/31/15,4/30/15,5/31/15,6/30/15,7/31/15,8/31/15,9/30/15,10/31/15,11/30/15,12/31/15,1/31/16,2/29/16,3/31/16,4/30/16,5/31/16,6/30/16,7/31/16,8/31/16,9/30/16,10/31/16,11/30/16,12/31/16,1/31/17,2/28/17,3/31/17,4/30/17,5/31/17,6/30/17,7/31/17,8/31/17,9/30/17,10/31/17,11/30/17,12/31/17,1/31/18,2/28/18,3/31/18,4/30/18,5/31/18,6/30/18,7/31/18,8/31/18,9/30/18,10/31/18,11/30/18,12/31/18,1/31/19,2/28/19,3/31/19,4/30/19,5/31/19,6/30/19,7/31/19,8/31/19,9/30/19,10/31/19,11/30/19,12/31/19,1/31/20,2/29/20,3/31/20,4/30/20,5/31/20,6/30/20,7/31/20,8/31/20,9/30/20,10/31/20,11/30/20,12/31/20,1/31/21,2/28/21,3/31/21,4/30/21,5/31/21,6/30/21,7/31/21,8/31/21,9/30/21,10/31/21,11/30/21,12/31/21,1/31/22,2/28/22,3/31/22,4/30/22,5/31/22,6/30/22,7/31/22,8/31/22,9/30/22,10/31/22,11/30/22,12/31/22,1/31/23,2/28/23,3/31/23,4/30/23,5/31/23,6/30/23,7/31/23,8/31/23
102001,0,United States,country,,160785,188435,208172,231377,242101,241493,225786,205617,192610,138137,152473,107512,118715,156113,170034,192913,235980,246430,225724,221652,234092,221747,197961,133437,140930,217754,240214,253508,278798,196447,195563,204738,175272,166697,183066,136123,136772,190487,198946,216117,245728,221916,239081,211485,193610,186997,199417,155549,167756,219721,230355,269373,284700,267798,288882,233990,257472,238753,235687,190305,191814,252263,284527,334141,331276,351072,348032,291894,289306,246955,253661,194786,192636,243207,281517,323101,347372,352477,335666,306344,315280,241455,278698,200205,208822,289934,319321,353320,413390,410501,371562,351128,330442,256204,309391,225593,236703,316737,343939,387899,442210,391260,413888,371299,339447,317250,323852,248752,242675,350080,343691,422720,465378,400459,427251,361896,356245,324176,316636,247825,246646,343037,363794,424279,452039,419689,434644,340019,360898,319515,289205,229709,248537,321669,365385,430150,416526,428737,420747,357493,367064,312656,326179,257041,260265,332244,294274,286331,399803,478878,458192,460446,468348,399914,427641,312034,307437,416059,440695,444816,519699,482730,471479,436766,415155,399345,397397,293471,281266,370222,369188,390222,405338,346538,360276,325100,284782,240432,228813,173218,192893,264982,245914,297124,311054,266987,275126
394913,1,"New York, NY",msa,NY,7538,7972,8710,9066,9664,11718,10855,9936,9187,7161,7632,5544,4703,5474,5656,6676,7898,9599,10186,9924,9743,11958,10325,7674,5951,15364,7932,8432,11780,11707,8910,,7409,7262,7466,6826,6376,7367,7325,7777,9331,9621,10006,8909,7825,6985,7775,7270,6197,7190,7431,9001,10361,11013,11738,9751,9373,8444,9908,9052,7694,9004,9822,12012,12788,15054,15523,13580,13330,10672,11829,9727,7632,8943,9196,10914,12672,14094,13945,12410,12891,10065,12121,9350,8462,9972,10069,11025,14706,16286,15814,14556,14272,11583,13741,10856,10454,11896,11603,12725,16729,15942,18319,16092,14107,13655,14894,12962,10912,13016,12333,15031,18097,16454,19341,16092,15591,14166,14458,12690,10701,12178,12970,14840,17536,17683,18895,14185,15560,13816,13499,11849,9727,11660,12401,14728,15876,17381,17675,14824,15251,13079,14458,13165,10996,11653,9431,9908,12067,14793,17066,18063,20305,18047,21123,18029,15325,18863,17254,16849,21469,21198,21728,18898,19328,17510,18607,16545,13294,15805,14934,15632,17903,16858,17373,14583,12850,11409,10641,8469,7077,8962,8083,9995,11985,10667,12497
753899,2,"Los Angeles, CA",msa,CA,3229,3914,4696,5257,5336,5964,5629,5197,5372,3885,4287,3068,3323,4651,5067,5501,6786,7266,6557,6765,7036,6160,7168,4931,4866,7044,7038,7970,8350,6851,6528,6549,5838,5595,6529,4868,4642,6633,6466,6432,7164,6521,6896,6477,5828,5970,6578,5183,5536,7382,7358,8296,8606,8268,9400,7695,8767,8168,8904,6425,6380,8503,8888,9975,9257,10122,10168,8345,8660,7352,7868,6049,5850,7500,8568,8762,8796,9041,8617,8018,8424,6661,7805,5659,5782,8509,9359,9407,10378,10477,9211,8940,8506,6424,8726,6301,6170,8443,8975,9501,10400,9390,9975,9323,8503,8235,8463,6554,6164,9124,8346,10072,11112,9104,10419,9013,8713,8034,8080,6303,6191,9026,8685,9591,9872,9230,9652,7263,7968,6978,6544,5174,5490,7392,8384,9359,8829,9199,9327,8222,8600,7364,7860,6210,6257,7564,5499,4442,6697,9198,9277,9938,10086,8834,10031,7411,7164,10315,11025,10147,11263,10381,10029,9680,9405,8857,8887,6422,6389,9291,8987,8559,8350,6870,7127,6422,5499,4695,4424,3581,3866,5661,5083,6075,6144,5360,6310
394463,3,"Chicago, IL",msa,IL,4285,5465,5838,6378,7163,7104,6716,6008,5062,3423,3602,2448,2473,3440,3749,4644,6015,6545,6139,5944,6267,5979,4958,3327,3218,5074,6181,6801,8350,4968,4979,4522,4233,3884,4242,3219,2957,4310,4573,5518,6616,5840,6363,5228,4939,4794,5214,3936,3959,5408,5891,7250,8104,7504,7967,6141,6915,6105,5722,4952,4444,5994,7341,9363,9825,10389,10302,8411,8574,6924,7206,5306,5068,6537,7854,9336,11171,11428,10306,9463,9495,6892,7833,5462,5285,7731,9048,10721,13599,13075,11783,10586,10084,7191,8579,6356,6299,8842,10669,12113,14701,12826,13415,11079,9865,8965,8667,6935,6020,9969,10579,13297,15210,12239,12779,10333,9631,8546,8329,6278,5863,9770,11928,14316,15531,13611,13529,10372,10729,9343,8114,6041,6368,8977,11023,13338,13430,13311,12410,10149,9989,8496,8643,6394,6560,9306,9497,8443,11027,14601,14488,14307,15518,12956,12847,10159,9632,12772,14071,14395,17479,16291,15757,13455,12206,11496,10698,8477,7266,9999,10704,11452,12462,10331,10295,9206,7761,6690,6108,4394,4553,7160,6994,8739,9511,7820,8267
394514,4,"Dallas, TX",msa,TX,4887,5682,6090,6801,6777,6713,6423,5599,4768,3588,4098,3031,3710,4704,4776,5442,6104,6448,5631,5310,5579,5009,4457,2970,3661,5444,6434,6619,6175,4550,4720,4245,3995,3793,4128,2916,3220,4761,5029,5524,6061,5403,5933,4822,4293,4207,4441,3432,4104,5431,5720,6862,7082,6712,7155,5397,5684,5101,5157,4259,4816,6868,7537,8516,8189,8713,8601,6805,6429,5377,5707,4278,5039,6440,7092,8240,8730,8647,8267,7065,7009,5294,6322,4265,5090,6843,7196,8345,9263,9374,8868,7842,7013,5716,7198,4952,5947,7560,7838,8541,9244,8598,9264,8110,7166,6780,7027,5052,5733,7916,7686,9283,9732,8816,9193,7630,7254,6938,7029,5142,5980,7578,7740,9117,9211,8919,8893,6954,6938,6202,6311,4488,5804,7354,8122,9307,8502,9284,8997,7376,7378,6182,7272,5306,6254,7625,6427,6608,9786,11540,9991,9583,9323,7948,8858,5823,6093,8195,9113,9267,10254,9862,9885,9396,8742,8449,8466,5986,6168,7612,7596,8294,8370,7523,7874,6967,5907,4833,4753,3471,4884,6169,5933,7398,7279,6304,6625
395209,6,"Washington, DC",msa,VA,3149,3755,4200,4589,5291,4831,4473,4352,4045,3004,3659,2351,2717,3913,4342,4940,6156,5776,5407,5131,5217,5086,4564,3620,3310,5108,5882,6217,7023,4838,5564,4503,4109,4111,4386,3225,3181,4364,4589,5107,6221,5322,5224,4438,3958,3988,4195,3215,3403,4477,5164,6292,6762,5996,6132,4753,4994,5357,4816,3956,3964,5211,6190,7581,8090,7544,7145,5640,5821,4705,5348,3650,3844,4771,5828,6844,7644,6997,6484,5582,5786,4600,5683,3865,4004,5540,6490,7359,9075,8276,7228,6507,6107,5113,6404,4278,4528,5951,7159,8561,9727,8252,8355,6854,6637,6318,6405,5222,5172,7210,7742,9349,10334,8498,8244,6897,7055,6387,6109,4888,4870,6748,7728,9209,9868,8735,8201,6150,6858,6422,5977,4834,4936,6836,8065,9673,9261,8898,8200,6914,7377,6151,6641,5149,5321,7257,7004,6637,8650,9837,9561,9705,9938,8648,8886,6358,6878,9151,10839,11116,12694,11190,10584,9429,9385,9261,8548,5891,6048,8452,8775,9351,9253,7385,7268,6462,5710,4833,4492,3230,4176,5476,5530,6761,6907,5431,5441
394974,7,"Philadelphia, PA",msa,PA,3420,4155,4805,4931,5525,6093,5378,5667,4796,3391,3664,2584,2511,3255,3573,4054,5346,5483,5313,4721,5128,5628,4022,2663,2535,4055,4692,5465,6828,3924,3677,3401,3264,3070,3506,2626,2331,3310,3420,3904,4761,4180,4497,3619,3463,3434,3545,2914,2741,3755,3929,4706,5401,4919,5307,4069,4112,4548,4062,3504,3003,4067,4753,5739,6402,6263,6057,4842,4901,4173,4495,3311,2763,3601,4287,5271,6395,6152,5840,5082,5069,4219,5017,3565,3326,4398,5119,5972,7721,7778,6890,6038,5767,4593,5633,4272,4139,4950,5734,6842,8745,7194,7540,6401,5900,5824,5905,4573,4015,5943,6171,7640,9154,7954,8038,6648,6459,6195,6062,4731,3829,5619,6293,7637,9356,8379,8240,6334,6653,6331,5713,4461,4202,5695,6482,7981,8545,8076,7810,6548,6372,5675,6120,4967,4370,5851,5214,4444,5889,8623,8850,8774,9421,8220,8594,6390,5747,7486,8024,8250,10855,10070,10478,9776,8922,8608,10771,8020,6095,7530,7294,7564,8701,7386,7745,6642,5752,5140,4857,3545,3587,4936,4795,5519,6370,5046,5229
394856,8,"Miami, FL",msa,FL,3379,3971,4300,4248,4320,3936,3522,3338,3470,2631,3455,2522,2808,3829,3924,4052,4764,4751,4517,4649,5207,4804,5570,4038,4276,6180,6360,5757,6445,5054,4934,4750,4525,4599,5583,4356,4759,6549,6757,6610,6696,5707,6322,5759,5273,5368,6164,5048,5453,7187,7296,7468,7244,6694,7195,5887,6729,6417,7103,5750,6025,7667,8499,8733,7853,8110,7769,6777,7039,6008,6992,5603,5704,7097,8131,8025,7661,7532,7040,6888,7370,5748,7550,5489,5905,8002,8430,8262,8965,8983,7764,7683,7549,6125,7881,5830,6356,8580,8750,8874,9613,8330,8896,8077,7106,6933,8034,6351,6544,9455,8705,9809,9864,8411,9015,5982,7417,7044,7976,6610,6634,9177,9284,9452,9623,8644,8763,7033,7770,7124,6994,5670,6208,8400,9569,10344,8973,9486,8671,7813,7921,7066,8442,6786,6687,8950,6478,4965,7320,9715,9749,9579,10422,9174,11348,8477,9100,13184,13644,12667,14075,12339,11280,10210,9754,9791,10907,8716,8630,11638,11258,10428,9760,7761,7810,6840,6522,5595,5658,4413,5149,7804,6819,7785,7294,6073,6548
394347,9,"Atlanta, GA",msa,GA,4071,4381,4483,4735,4962,4831,4391,4311,3816,2683,3239,2319,2606,3475,3438,3508,4548,4789,4181,4142,4370,4261,4135,2758,3168,4442,4770,5028,5410,4121,3886,3579,3524,3189,3577,2596,2882,4266,4151,4616,5197,4811,4474,3975,3652,3398,3712,3040,3245,4144,4014,4711,5111,4724,5051,4037,4513,4250,4106,3710,3706,4887,5217,6227,6069,6565,6329,5241,5333,4537,4684,3773,4053,5125,5772,6876,7196,7092,6721,6040,6255,4842,5701,4190,4588,6662,7224,7948,8798,8699,7916,7194,6658,5338,6589,4799,5564,7609,8142,9443,10173,9527,9767,8548,7905,7290,7824,5559,6254,9521,8791,10709,11239,9737,9936,8327,8388,7563,7570,5599,6468,9001,9358,10732,10636,10091,9800,8034,8246,7397,6784,5294,6614,8717,9389,10780,10014,10080,9523,8148,8341,6980,7854,5640,6897,8334,7283,7022,10017,11181,10646,10394,10480,8828,9712,6801,7484,10510,10836,10824,12290,11489,11015,9584,8957,9297,8656,6599,7265,9542,9032,9398,9106,7864,7751,7160,6194,5201,5305,3837,4955,6808,6156,6981,6862,5688,6095
394404,10,"Boston, MA",msa,MA,1766,2080,2542,3124,4076,3738,3547,2801,2751,1931,2163,1359,1290,1806,2061,2675,3813,4183,4013,3089,3332,3402,2774,1777,1656,2591,3293,3669,4953,2895,3145,2533,2316,2341,2757,1874,1509,2326,2664,3253,4519,3746,4102,3093,2639,2769,2945,2015,1961,2714,3148,4081,5287,4811,5261,3329,3626,3907,3673,2547,2112,2926,3628,5077,6146,6506,6141,4539,4253,3779,3923,2667,2035,2866,3580,4827,6286,6254,5758,4538,4532,3624,4189,2717,2138,2847,3334,4598,7164,7410,6527,5355,4926,4034,4827,3385,2599,3541,4137,5385,7518,6053,6910,5407,4770,4687,4578,3520,2508,3850,3870,5602,7660,6327,6797,5150,5013,4889,4404,3345,2428,3555,4076,5366,7428,6556,6969,4701,4852,4971,3933,2994,2695,3628,4258,5764,6511,6477,6471,4812,5056,4612,4806,3354,2657,3724,3803,3786,5120,6863,6979,6425,6439,5516,6005,3851,2991,4450,5189,5976,7887,7010,6764,5889,4870,5496,5417,3382,2582,3587,3958,5036,6689,5359,5483,4652,3837,3620,3431,2186,1864,2746,2759,3582,4824,3914,4138
394976,11,"Phoenix, AZ",msa,AZ,2701,3206,3583,3822,3594,3693,3229,3101,2843,2096,2521,2038,2179,2982,3455,3919,4547,4637,4122,4285,4585,4377,4415,3378,3863,5256,5650,5336,5740,4186,4225,3808,3748,3813,4471,3766,4183,5812,5845,6014,6441,5319,5487,5125,4974,5051,5501,4714,5542,6749,6604,6675,6501,5739,5983,5153,5819,5537,5565,4898,5535,6874,7331,7914,6832,6790,6255,5629,5613,4715,5445,4373,4928,6063,6982,6845,6530,6177,5782,5680,5494,4499,5718,4351,5302,7387,7847,7696,8093,7507,6572,6531,5898,4868,6376,4881,5414,7890,7921,8329,8391,7226,7405,6868,6546,6285,6517,5795,6105,8938,8343,9375,9023,7425,7680,6881,6856,6658,6539,5782,6493,8971,8645,9516,8862,8065,7810,6452,6961,6288,5942,5188,6164,7904,8919,9567,8640,8474,7942,7333,7323,6577,7050,5967,6764,8327,6734,6409,8788,9471,8405,8956,9450,8671,9250,6902,7493,9959,10011,9100,9562,8378,8156,8203,7925,8180,8177,6407,7025,8835,8196,7676,6904,5182,5234,5338,4529,4016,4084,3527,4705,6244,5514,6633,5872,4725,4524
395057,12,"San Francisco, CA",msa,CA,2436,3159,3991,4425,4684,5340,5137,4848,5188,3833,4446,3280,3306,4099,4545,4981,5507,5986,5166,5156,5631,4923,5230,3471,3441,5015,5485,6129,6106,5094,4826,4672,4545,4334,4897,3451,3557,5009,4998,5341,6152,5320,5676,5179,4784,4846,5237,3855,4191,5718,5873,6387,6616,6268,6438,5183,5928,5643,5423,3943,4215,5643,6145,6834,6619,6939,6868,5664,6106,5375,5053,3707,3933,5062,6213,6713,6627,6998,6405,5809,6408,4902,5172,3413,3695,5544,6545,6704,7760,7620,6576,6422,6220,4910,6008,3745,3640,5403,6107,6492,7278,6419,6704,6121,5811,5855,5285,3818,3583,5782,5691,6840,7783,6372,6970,5937,4391,3953,3390,2314,2553,3924,4132,4613,4733,4265,4140,3199,3852,3333,2725,2055,2365,3373,4005,4752,4074,4071,3993,3308,4012,3267,3274,2224,2474,3274,2398,2126,3506,4436,4377,4570,4708,4529,4617,3108,3241,4828,5490,5120,5623,5040,4802,4448,4478,4461,3773,2440,2712,4376,4343,4354,3822,3028,3269,3099,2775,2401,2058,1391,1714,2599,2395,3079,2842,2483,1883
395025,13,"Riverside, CA",msa,CA,1634,2041,2295,2543,2549,2751,2565,2481,2580,2129,2408,1984,1992,2513,2742,2776,3274,3481,3206,3311,3361,3122,3712,2855,2834,3898,4158,4156,4618,3677,3555,3473,3260,3194,3661,2789,2891,3847,3586,3645,3997,3427,3831,3450,3284,3343,3722,3067,3295,4176,3932,4612,4498,4065,5617,3802,4577,4292,4273,3752,3653,4382,4748,5094,4666,5078,5183,4514,4660,4024,4208,3682,3508,4270,4839,4864,4855,4934,4501,4498,4742,3617,4390,3447,3353,4780,5365,5208,5719,5811,5075,4938,4740,3814,4816,3688,3763,5165,5181,5551,6125,5488,5759,5462,5075,4982,5056,4201,3975,5762,5449,6229,6707,5669,6336,5389,5497,4941,4898,4284,4042,5557,5701,6078,6013,5769,5861,4757,5207,4533,4077,3630,3744,4889,5562,6127,5500,5989,5849,5143,5519,4492,4703,4126,4002,5061,3887,3415,5098,6493,6302,6451,6675,5887,6619,4975,4904,6675,6664,6070,7052,6566,6324,6231,6159,5970,6112,4755,4509,6160,5678,5383,5138,3998,4232,3888,3300,2769,2747,2541,2801,3823,3505,4172,4027,3402,3583
394532,14,"Detroit, MI",msa,MI,2115,2210,2403,2595,2676,2690,2683,2753,2444,1865,1729,1387,1380,1644,1892,2131,2486,2757,2492,2816,3015,3029,2711,2033,2067,2869,3063,3148,3726,2756,2889,2859,2736,2600,2583,2153,1994,2640,2643,2877,3390,3366,3779,3451,3084,2997,2755,2426,2555,3143,3115,3690,3940,3911,4523,3788,4499,3918,3541,3465,3133,3917,4125,4952,5026,5356,5618,5225,4954,3857,3802,3014,2647,3220,3783,4547,5150,5556,5317,5167,5267,3969,4206,3297,3039,3969,4512,4929,6143,6304,5767,5888,5529,4055,4511,3878,3628,4618,5015,5714,6779,6074,6694,6135,5605,5224,4964,4293,3736,5112,5032,6316,7247,6272,7206,6249,6272,5564,4797,4032,3607,4750,5328,6541,6853,6868,7169,5914,6069,5093,4491,3843,3687,4640,5395,6526,6369,6565,6720,5889,6072,5113,4738,4210,3979,4678,3258,2608,,7659,7614,7515,7536,6336,6527,5403,4867,5730,5979,6369,7810,7032,7417,7152,6732,6270,5899,4857,4424,5116,5328,5769,6642,5739,6117,5754,5075,4158,3815,3003,3227,4122,3617,4600,5031,4169,4688
395078,15,"Seattle, WA",msa,WA,2279,2695,2848,2947,3049,2807,2610,2539,2204,1362,1521,989,1166,1568,1738,2023,2754,2843,2573,2680,2825,2656,2115,1384,1627,2632,2881,2981,3088,2119,2175,2018,1965,1837,2182,1465,1429,2171,2239,2371,2802,2580,2849,2501,2309,2304,2310,1707,1946,2576,2908,3383,3668,3619,3963,3221,3607,3322,3238,2401,2439,3523,4001,4637,4677,5214,4958,4162,4130,3361,3343,2400,2661,3464,4125,4674,5006,5134,4796,4495,4583,3459,3733,2549,2850,4342,5168,5492,6192,6336,5553,5315,4898,3808,4549,2890,3251,4827,5319,6023,6844,6279,6566,5912,5444,5035,4612,3652,3530,4903,4904,6415,7146,6442,6877,5936,5903,5212,4549,3253,3653,4861,5418,6381,6845,6225,5926,4701,4949,4311,3838,2910,3433,4095,5173,5967,6019,6169,5825,4799,5117,4246,4312,2896,3254,4287,3891,3925,5485,6334,6190,6539,6623,5238,5277,3424,3727,5287,6220,6179,7314,6917,6528,6139,5573,5109,4274,2570,2988,4602,5195,5436,5341,4068,4384,4011,3425,2658,2134,1688,2256,3109,2938,3358,3503,3231,3521
394865,16,"Minneapolis, MN",msa,MN,1992,2395,2724,3230,3513,3497,3297,3146,2513,1912,1810,1419,1508,2058,2596,3025,3770,3979,3715,3619,3807,3357,2485,1867,1922,2870,3578,3449,3666,2449,2389,2273,2119,2071,2025,1659,1596,2238,2531,2902,3332,3118,3589,3144,3114,2762,2750,2391,2550,3395,3728,4294,4699,4347,4739,3878,4367,3818,3505,2949,2894,3825,4265,5359,5445,5560,6053,4829,4490,3730,3390,2729,2567,3306,3939,5031,5708,5570,5411,4405,4630,3477,3602,2972,2872,4337,5385,6370,7097,6584,6142,5383,5108,3814,4161,3303,3308,4709,4909,5441,7687,6524,6652,5888,5141,4551,4275,3133,2800,4284,4819,6486,7685,6307,6613,5499,5125,4638,3971,2829,2647,4025,4654,5918,7287,6430,6759,5275,5334,4607,3756,2801,2852,3663,4360,6071,6793,6869,6829,5540,5467,4554,4206,2999,2957,4095,4534,4638,6088,6855,6707,6614,7004,5597,5165,3553,3261,4236,5002,5605,7620,6903,7122,6463,6023,5521,4990,3020,2636,3744,4359,5227,6159,5219,5325,4505,3801,3086,2687,1857,2029,2773,2829,3527,4727,3930,4055
395056,17,"San Diego, CA",msa,CA,1008,1155,1609,1752,1689,1908,1697,1665,1745,1235,1538,1091,1132,1402,1662,1698,2116,2290,2063,2145,2263,2014,2283,1440,1599,2179,2277,2700,2634,2130,2079,2110,1847,1737,2072,1441,1494,2071,2214,2125,2317,2117,2260,2130,1883,1966,2238,1651,1865,2359,2599,2800,2798,2751,3159,2555,2894,2644,2901,2160,2197,2988,3047,3503,3234,3574,3403,2811,2940,2479,2464,1977,2093,2536,3107,3094,3155,2982,2854,2816,2830,2242,2697,1942,2211,2938,3556,3297,3943,3766,3297,3116,2829,2297,2972,2028,2250,3096,3460,3522,3760,3358,3554,3253,3109,2891,2777,2167,2250,3183,3124,3629,3775,3285,3527,2984,3100,2756,2603,2228,2336,2953,3206,3474,3471,3315,3368,2550,2776,2461,2249,1703,2068,2681,3172,3336,3074,3331,3221,2888,2941,2633,2686,2193,2326,2885,2354,1942,3058,3778,3594,3841,3738,3383,3520,2358,2632,3326,3829,3564,4012,3898,3685,3605,3199,3054,3180,2201,2414,3059,3040,2943,2677,2188,2503,2241,1864,1617,1603,1377,1611,2212,2014,2314,2174,2087,2183
395148,18,"Tampa, FL",msa,FL,1763,2134,2317,2335,2411,2299,2072,2029,1897,1473,1810,1268,1482,1971,2088,2152,2662,2628,2402,2600,2680,2390,2692,1801,2018,2921,3146,2986,3170,2309,2277,2271,2100,1974,2585,1828,1980,2840,2809,2728,3023,2701,2860,2716,2512,2368,2874,2244,2608,3370,3254,3441,3561,3222,3488,2925,3339,3214,3156,2553,2828,3577,3884,4101,3846,4072,3933,3517,3390,2933,3412,2596,2768,3492,3894,4012,4196,3985,3866,3594,3979,3123,4126,2696,3351,4457,4832,4813,5289,5038,4547,4338,4327,3539,4633,3285,3870,5104,5348,5453,5761,5155,5371,4894,4390,4493,4934,3867,4190,5808,5584,6316,6563,5625,5663,4170,4642,4579,5016,3742,4097,5595,5793,6267,6136,5576,5725,4514,4971,4579,4439,3452,4207,5351,6053,6471,5905,6053,5717,4848,5174,4425,5074,3682,4254,5565,4353,3948,5779,6676,6143,5982,6078,5348,6216,4515,5029,6844,7089,6355,7003,6351,6160,5936,5763,5596,5927,4530,4701,5810,5424,5556,5361,4285,4459,3485,3818,2950,3295,2636,3301,4535,4187,4815,4618,3849,3870
394530,19,"Denver, CO",msa,CO,2174,2554,2947,3344,3433,3513,3067,3006,2839,1880,1850,1390,1663,2123,2248,2555,3162,3345,2923,2901,3095,2743,2139,1539,1767,2726,3184,3397,3042,2256,2121,2091,1965,1805,2016,1304,1444,2116,2396,2615,2944,2679,2874,2483,2294,2093,2037,1548,1795,2602,3071,3807,4128,3740,4004,3352,3460,3152,2842,2292,2549,3599,4273,5214,5229,5703,5257,4374,4158,3420,3430,2476,2759,3580,4461,5213,5646,5761,5212,4821,4763,3595,3893,2577,2905,4203,4840,5464,6353,6258,5589,5334,4817,3654,4388,2999,3093,4256,4559,5307,5787,5395,5611,5167,4711,4461,4365,3227,3054,4593,4647,5501,5973,5220,5416,4723,4707,4539,3997,2990,3176,4543,4811,5615,5733,5302,5319,4138,4329,3802,3434,2802,3282,4247,4877,5694,5462,5551,5277,4663,4688,3903,4153,3098,3440,4391,3651,3181,5733,6767,6058,5881,5742,4664,4608,3015,3498,4720,5205,5268,6090,5571,5455,5032,4954,4809,4265,2666,2993,4134,4452,4772,4660,3695,3725,3574,2888,2467,2239,1745,2286,3238,3180,3700,3835,3397,3277
394358,20,"Baltimore, MD",msa,MD,2025,2429,2437,2557,2969,2279,2378,2239,1979,1472,1649,1118,1175,1655,1709,1971,2490,2363,2419,2365,2388,2361,1843,1421,1278,1978,2145,2479,2719,1787,1851,1853,1594,1619,1668,1341,1128,1474,1634,1850,2287,1890,1972,1850,1692,1639,1726,1310,1387,1811,2007,2263,2650,2201,2406,2144,2082,2083,2020,1648,1420,1913,2281,2797,3196,2924,2819,2291,2294,2049,2071,1447,1415,1773,2017,2461,3026,2772,2697,2457,2390,1948,2364,1517,1555,2112,2350,2906,3680,3203,3155,2791,2704,2162,2656,1912,2031,2416,2803,3452,4098,3255,3420,3154,3013,2866,3203,2324,2233,3161,3200,3952,4702,3488,3884,3186,3178,3013,2830,2083,2140,2898,3216,3743,4326,3650,3838,2891,3105,2776,2509,2129,2034,2869,3221,3891,4075,3800,3718,3181,3172,2799,2878,2400,2317,3050,3023,2876,4168,4693,4462,4582,5136,4494,4887,3767,3797,5223,5354,5300,6246,5485,5394,5121,5144,4955,4617,3388,3239,4299,4332,4511,4614,3686,4120,3604,3132,2798,2477,1684,2100,2668,2508,3121,3215,2408,2498
395121,21,"St. Louis, MO",msa,MO,1850,2129,2322,2880,2923,2890,2683,2361,2183,1642,1724,1290,1481,1842,2121,2501,2783,3005,2566,2576,2709,2502,1626,1080,1372,2284,2656,2986,2835,1861,1864,1785,1652,1599,1682,1212,1188,1732,1920,2221,2490,2051,2440,2128,1895,1819,1827,1340,1539,1985,2203,2713,2758,2639,2717,2077,2301,2090,2002,1661,1691,2294,2731,3379,3178,3451,3365,2702,2602,2220,2269,1641,1709,2181,2655,3355,3528,3501,3446,2991,2962,2247,2587,1729,2036,2858,3256,3842,4288,4273,3612,3245,3092,2408,3012,2132,2241,3217,3484,4165,4678,4052,4156,3652,3322,3112,3122,2174,2266,3511,3605,4376,4727,4220,4258,3577,3487,3246,3092,2261,2305,3359,3697,4644,4683,4283,4394,3450,3626,3192,2858,2255,2329,3164,3732,4496,4387,4368,4237,3478,3573,2943,3232,2273,2446,3250,3153,3338,4466,4941,5057,4672,4478,4025,4225,3030,2728,3763,3917,4243,5092,4781,4829,4438,4102,3798,3822,2536,2390,3168,3385,3793,4346,3846,3959,3574,3060,2746,2541,1743,2004,2729,2566,3085,3428,3048,3261
394943,22,"Orlando, FL",msa,FL,1172,1342,1347,1443,1548,1437,1225,1247,1135,894,1047,779,873,1158,1182,1224,1575,1732,1613,1603,1765,1677,1872,1340,1397,1964,1888,1978,2270,1686,1707,1648,1547,1508,1808,1500,1518,1977,2021,2065,2184,2017,2202,1997,1987,1873,2117,1613,1845,2368,2306,2412,2388,2331,2472,2004,2308,2189,2314,1815,1982,2401,2558,2831,2566,2835,2820,2349,2316,2002,2361,1800,1859,2247,2521,2629,2702,2756,2592,2524,2555,1983,2558,1848,2111,2859,2918,3113,3500,3397,3213,3074,2901,2360,2969,2220,2444,3257,3347,3715,3877,3589,3746,3368,2953,2754,3242,2571,2733,3849,3473,4184,4190,3772,3918,2802,3120,2977,3264,2585,2759,3767,3719,4236,4179,4032,4081,3287,3492,3096,3070,2459,2838,3643,3995,4379,4053,4185,3957,3469,3526,2993,3432,2627,2720,3560,2733,2524,3449,4219,4040,3984,4096,3645,4260,3099,3470,4918,5008,4754,5229,4735,4554,4277,4190,3985,4081,3237,3245,4145,3799,3824,3767,3176,3241,2589,2743,2019,2354,1722,2144,2918,2670,2939,3008,2601,2473
394458,23,"Charlotte, NC",msa,NC,1960,2159,2372,2468,2440,2314,2082,1890,1570,1117,1212,936,1074,1399,1365,1530,1827,2014,1728,1733,1955,1732,1498,1028,1152,1650,1873,1958,2062,1425,1397,1394,1273,1172,1373,965,1020,1530,1602,1690,1947,1627,1813,1694,1424,1309,1514,1148,1269,1759,1724,2164,2273,2231,2369,1838,2044,1957,1924,1529,1599,2136,2553,2998,2939,3018,2912,2266,2397,2076,2175,1730,1695,2211,2526,2904,3231,3220,3048,2684,2709,2082,2603,1872,1943,2772,3079,3410,3992,3943,3401,3237,2934,2227,2867,1971,2254,3148,3524,4048,4550,3808,4131,3741,3240,3047,3338,2467,2533,4047,3821,4431,4902,4433,4661,3924,3775,3502,3187,2580,2742,3744,3860,4376,4581,4265,4408,3433,3313,3023,2735,2315,2558,3353,3937,4475,4382,4273,4324,3577,3757,3076,3251,2550,2705,3625,3168,3127,4411,5022,4545,4482,4558,3913,4009,3087,3347,4705,4780,4790,5396,4831,4847,4565,4333,4164,4119,3016,3131,4001,3944,4004,4240,3384,3469,3313,2824,2380,2305,1781,2171,2954,2780,3154,3336,2799,2980
395055,24,"San Antonio, TX",msa,TX,1159,1275,1306,1469,1635,1478,1417,1272,1123,769,978,667,887,1066,1197,1344,1650,1680,1479,1353,1441,1323,1070,695,1012,1428,1610,1702,1633,1284,1322,1146,1099,1000,1025,812,883,1257,1281,1548,1693,1458,1511,1314,1167,1089,1149,887,1033,1401,1455,1694,1738,1682,1808,1466,1460,1355,1314,1116,1231,1596,1751,2195,2078,2198,2111,1759,1640,1412,1532,1214,1303,1582,1860,2105,2190,2266,2250,1983,1918,1419,1806,1274,1479,1961,2099,2240,2581,2617,2320,2167,1956,1522,1888,1367,1653,2189,2196,2447,2712,2539,2579,2284,2098,1872,1993,1517,1744,2213,2122,2640,2729,2555,2599,2226,2120,1941,1912,1518,1744,2385,2427,2794,2879,2693,2821,2156,2236,1946,1869,1479,1834,2303,2483,2967,2761,2822,2793,2250,2259,1946,2257,1761,1981,2394,2129,2164,2967,3382,3002,2870,2833,2471,2752,2092,1992,2715,2917,2965,3468,3440,3278,3207,3067,2704,2927,2142,2309,2896,2768,2972,3139,2795,2718,2620,2066,1761,1767,1306,1549,2136,1991,2343,2290,1949,2080
394998,25,"Portland, OR",msa,OR,1613,1892,1863,2096,2062,2073,1976,1783,1613,1066,1036,747,881,1199,1281,1401,1909,2159,1907,1940,2136,1916,1526,998,1071,1852,2100,2169,2164,1465,1483,1446,1286,1274,1388,1019,991,1452,1512,1657,1905,1789,1949,1739,1660,1644,1643,1204,1224,1664,1818,2127,2491,2240,2604,2146,2365,2033,2007,1478,1548,2226,2614,3203,3158,3474,3305,2793,2737,2241,2259,1693,1785,2252,2681,3046,3284,3348,3236,2966,3134,2331,2664,1833,1925,2917,3412,3591,4301,4267,4050,3790,3463,2717,3212,2269,2179,3105,3320,3789,4106,3607,3892,3634,3348,3163,3300,2280,2113,2985,2859,3701,4093,3652,3873,3314,3282,3066,2935,2115,2277,2958,3308,3736,4007,3756,4100,3018,3259,2806,2321,1906,2117,2694,3071,3644,3502,3723,3702,3083,3299,2751,2692,2098,2330,2790,2537,2503,3408,4255,4002,4133,4162,3605,3552,2379,2604,3375,3983,4274,4830,4733,4470,4306,4189,3819,3366,2341,2444,3509,3563,3638,3643,2951,3115,2795,2369,1944,1688,1286,1602,2031,2002,2342,2519,2250,2499
395045,26,"Sacramento, CA",msa,CA,774,993,1212,1371,1493,1559,1529,1439,1374,1044,1158,818,892,1130,1221,1338,1642,1780,1553,1570,1739,1569,1668,1188,1156,1707,1724,1940,2126,1589,1683,1605,1496,1395,1571,1222,1167,1705,1598,1710,1866,1774,1941,1884,1787,1738,1978,1444,1610,2064,1973,2353,2388,2335,2605,2249,2543,2254,2287,1665,1777,2327,2518,2880,2693,2861,2856,2444,2427,1979,2155,1641,1720,2123,2512,2639,2645,2795,2637,2491,2539,1943,2283,1598,1815,2554,2926,2903,3366,3278,3135,2900,2711,2169,2709,1828,1973,2608,2980,3063,3481,3048,3354,3142,2847,2684,2753,1951,1924,2617,2805,3294,3537,3088,3467,2996,3006,2725,2574,2078,2039,2733,3128,3364,3349,3139,3228,2530,2743,2303,1987,1686,1905,2402,2719,3134,2934,3139,2966,2580,2777,2240,2271,1878,1907,2445,1839,1855,2882,3602,3378,3491,3440,2998,3181,2164,2138,2911,3344,3323,3718,3416,3346,3169,2994,2892,2817,2047,2176,2865,2954,2748,2675,2095,2344,2118,1810,1523,1448,1016,1251,1709,1564,2078,1963,1737,2178
394982,27,"Pittsburgh, PA",msa,PA,1390,1666,1852,2133,2468,2236,2193,1879,1972,1400,1420,860,866,1261,1526,1799,2202,2374,2152,2086,2195,2228,1572,1008,989,1668,2181,2310,2821,1759,1831,1737,1650,1507,1637,1111,1049,1507,1670,1930,2271,2006,2168,1852,1640,1615,1631,1183,1143,1722,1799,2284,2575,2308,2508,1853,2036,1910,1827,1344,1260,1685,2106,2492,2531,2737,2768,2186,2234,1933,1965,1360,1224,1621,1981,2357,2711,2648,2529,2332,2349,1800,2221,1278,1336,1981,2034,2529,3036,2980,2817,2512,2524,1865,2268,1493,1473,2015,2430,2781,3280,2797,2784,2520,2392,2240,2216,1658,1451,2304,2282,2820,3235,2638,2810,2551,2496,2278,2266,1646,1404,2206,2573,2897,3367,3068,3274,2459,2612,2284,2157,1575,1612,2111,2440,2941,2952,2972,3001,2495,2428,2231,2267,1624,1626,2156,1807,1261,2054,3675,3412,3253,3155,2737,2791,2037,1747,2519,2575,2676,3339,3149,3111,2790,2783,2737,2713,1882,1806,2329,2393,2654,3028,2686,2805,2474,2099,1923,1870,1324,1342,1951,1772,2155,2541,2054,2114
394466,28,"Cincinnati, OH",msa,OH,1156,1324,1440,1672,1809,1677,1618,1458,1288,919,955,623,788,1007,1114,1327,1715,1720,1658,1617,1607,1458,1152,684,762,1297,1566,1889,1804,1067,1094,1044,932,933,975,773,749,1050,1109,1257,1434,1336,1426,1197,1145,1070,1071,890,946,1267,1361,1734,1856,1650,1835,1526,1552,1359,1234,1070,1127,1481,1705,2119,2137,2262,2220,1759,1782,1476,1493,1257,1315,1637,2024,2268,2568,2618,2346,2080,2046,1599,1650,1211,1287,1852,1991,2376,2902,2777,2625,2363,2216,1656,1990,1508,1686,2287,2740,2929,3203,2833,2985,2684,2574,2194,2178,1645,1715,2532,2593,3044,3161,2722,2919,2629,2430,2256,2033,1661,1670,2484,2785,3043,3534,3118,3124,2545,2537,2256,2015,1453,1693,2236,2713,3123,2947,2986,2920,2410,2584,2131,2093,1587,1699,2191,2070,2232,2920,3225,3052,3031,3077,2401,2597,1777,1924,2461,2662,2837,3288,3057,3080,3015,2958,2661,2585,1846,1633,2243,2361,2600,2721,2535,2577,2340,2043,1724,1549,1173,1204,1699,1615,1815,1860,1596,739
394355,29,"Austin, TX",msa,TX,1234,1482,1663,1847,1882,1772,1711,1375,1141,804,987,655,974,1102,1340,1501,1827,1884,1595,1540,1571,1357,1184,770,988,1572,1854,1917,1803,1365,1369,1123,1139,1080,1234,872,971,1389,1550,1680,2006,1803,1840,1477,1237,1205,1332,979,1128,1701,1816,2211,2458,2227,2254,1698,1830,1541,1647,1267,1475,2013,2294,2815,2568,2947,2849,2219,1939,1687,1791,1245,1528,1945,2203,2616,2703,2673,2467,2192,2126,1581,1889,1320,1568,2065,2288,2459,2799,2872,2621,2248,2069,1559,1950,1323,1575,2172,2260,2650,2945,2569,2656,2239,2002,1826,1968,1369,1644,2169,2239,2769,3045,2629,2651,2098,2020,1835,2062,1450,1746,2348,2476,2978,3066,2885,2824,2092,2113,1876,1959,1440,1871,2304,2748,3212,2968,3124,2890,2382,2427,2038,2407,1577,2072,2546,2009,2145,3282,3749,3394,3179,3036,2625,2716,2010,1883,2783,3171,3359,3751,3554,3325,3099,2803,2786,2873,1882,2096,2557,2619,2842,2705,2182,2088,2058,1646,1392,1534,1103,1391,1874,1794,2274,2128,1878,1990
394775,30,"Las Vegas, NV",msa,NV,719,1006,1089,1076,1046,1059,979,1072,989,794,980,618,642,787,903,910,1313,1343,1277,1424,1638,1685,1954,1392,1434,2071,2153,2120,2670,2070,2006,1985,1808,1862,1963,1557,1604,2130,1943,2091,2276,1841,2259,1969,1946,2053,2288,1930,2232,2485,2313,2596,2598,2510,2955,2608,2986,2761,2915,2251,2464,2732,2948,3001,2960,3073,2947,2680,2741,2298,2492,2040,1966,2454,2640,2802,2860,2944,2735,2659,2607,2283,2587,1980,2172,2929,3064,3025,3390,3491,3231,3020,2778,2361,3177,2205,2502,3316,3313,4354,,6611,6838,6266,5687,5647,5026,2598,2698,3713,3351,4201,4421,3736,3955,3454,3557,3184,3254,2876,2616,3995,3634,3965,4108,3998,3880,2980,3324,2860,2612,2259,2406,3147,3499,3907,3431,3730,3654,3246,3407,2833,3039,2823,2899,3426,2415,2030,2863,3794,3462,3779,3757,3627,3887,3296,3415,4665,4459,4045,4482,4130,4151,3902,3710,4060,3891,3100,3026,3985,3622,3587,3094,2421,2385,2251,2002,1759,1700,1533,1906,2645,2273,2714,2613,2360,2246
394735,31,"Kansas City, MO",msa,MO,1575,1848,2011,2396,2326,2340,2106,2016,1707,1237,1454,991,1232,1601,1702,2003,2429,2421,2101,2092,2257,2126,1518,1017,1186,1884,2384,2571,2254,1477,1584,1545,1437,1425,1476,1057,1081,1583,1749,1933,2091,1861,2048,1823,1581,1521,1627,1262,1421,1886,1998,2400,2400,2379,2397,1855,2041,1870,1759,1421,1432,2080,2282,2825,2735,2902,2774,2332,2180,1862,1871,1381,1500,1941,2271,2856,2964,2885,2612,2277,2382,1788,1972,1504,1625,2435,2712,3292,3451,3428,2909,2695,2518,1845,2259,1652,1727,2688,3015,3497,3817,3268,3208,2986,2626,2410,2460,1671,1754,2775,2833,3622,3879,3246,3328,2815,2761,2615,2445,1879,1892,2696,2900,3730,3890,3617,3581,2831,2858,2673,2076,1720,1876,2444,2903,3741,3792,3707,3609,2896,2980,2561,2641,1926,2012,2635,2737,2871,3700,4160,3617,3701,3626,3089,3232,2187,2075,2417,2959,3252,3931,3635,3648,3414,3101,2943,2863,1952,1892,2511,2651,3205,3419,3064,2964,2733,2291,2001,1862,1396,1648,1966,2089,2595,2833,2417,2504
394492,32,"Columbus, OH",msa,OH,806,834,899,1124,1237,1169,1114,974,814,562,609,402,480,619,655,893,1156,1171,1143,1135,1164,1081,766,467,558,903,1133,1346,1367,808,831,772,776,697,725,562,549,748,777,944,1069,1069,1180,1019,820,829,793,661,702,992,1193,1434,1759,1576,1807,1454,1426,1416,1104,862,946,1263,1568,1863,1951,2051,1923,1628,1502,1501,1341,1071,1090,1457,1686,2028,2252,2347,2056,1903,1866,1317,1450,1103,1123,1660,1902,2237,2594,2658,2370,2081,1956,1553,1786,1274,1412,1902,2157,2514,2748,2605,2686,2412,2169,1865,1879,1341,1440,2074,2077,2656,2860,2537,2765,2280,2362,2005,1921,1454,1530,2111,2083,2571,2737,2670,2624,2040,2233,1914,1684,1407,1421,1800,2177,2601,2552,2600,2531,2118,2038,1786,1733,1338,1430,1790,1679,1939,2404,2684,2572,2699,2642,2132,2117,1572,1580,1976,2183,2357,2776,2715,2624,2537,2367,2131,1954,1362,1307,1667,1872,2233,2224,2091,2179,1909,1762,1433,1312,997,1117,1474,1435,1702,1887,1649,1714
394705,34,"Indianapolis, IN",msa,IN,1478,1706,1858,2130,2120,2154,2001,1938,1511,1226,1390,929,1043,1435,1549,1813,2175,2169,1976,1916,2020,1775,1526,894,1151,1632,2052,2303,2166,1488,1598,1476,1363,1234,1340,937,950,1434,1653,1864,2024,1966,2008,1686,1492,1382,1464,1113,1138,1588,1881,2177,2381,2174,2333,1928,2093,1891,1791,1578,1765,2194,2584,3187,3029,3201,2947,2351,2347,1979,1954,1423,1479,1984,2397,2938,3061,3011,2777,2565,2535,1888,2127,1427,1597,2214,2579,3000,3529,3488,2937,2660,2545,1978,2419,1529,1837,2423,2814,3481,3730,3358,3277,3017,2615,2393,2468,1677,1815,3002,2942,3530,4028,3294,3334,2974,2891,2593,2496,1846,1923,2723,3076,3582,3887,3526,3586,2969,3008,2586,2331,1583,1956,2644,2939,3444,3485,3533,3376,2918,2980,2538,2537,1769,1939,2739,2600,2687,3449,3941,3629,3585,3648,3056,3165,1936,1976,2522,2857,3090,3588,3618,3421,3400,3033,2924,2819,1934,1947,2435,2619,2941,3158,2918,3019,2745,2346,2122,1890,1287,1562,2164,2085,2491,2555,2154,2216
394475,35,"Cleveland, OH",msa,OH,679,847,930,1077,1202,1130,1075,1044,912,689,813,476,480,630,762,901,1089,1096,1009,1016,1058,1092,771,495,517,843,1137,1231,1432,781,924,860,786,740,801,526,480,771,837,917,1164,1027,1148,1012,877,826,905,642,628,887,1032,1259,1454,1261,1433,1201,1210,1139,1106,821,748,1113,1234,1593,1721,1780,1750,1367,1592,1343,1389,953,922,1200,1341,1736,1897,2046,1933,1761,1743,1299,1430,1077,967,1390,1482,1871,2172,2315,2034,1971,1783,1393,1618,1146,1255,1661,1953,2137,2588,2222,2259,2091,1903,1761,1833,1408,1314,1993,1877,2665,2880,2481,2705,2242,2161,1958,1869,1266,1212,1857,2003,2546,2720,2528,2607,1966,2152,1933,1726,1306,1266,1721,2111,2568,2455,2468,2513,2017,2094,1700,1675,1276,1391,1822,1755,1795,2256,2784,2645,2595,2693,2209,2384,1631,1495,2125,2166,2385,2886,2925,2882,2645,2592,2374,2323,1555,1389,1794,1964,2155,2414,2252,2388,2104,1808,1561,1508,1037,1111,1562,1450,1883,1993,1678,1887
395059,36,"San Jose, CA",msa,CA,650,822,966,1120,1194,1242,1218,1114,989,699,780,582,618,775,915,1082,1336,1440,1248,1362,1384,1265,1347,860,888,1288,1432,1750,1579,1367,1254,1188,1117,1201,1298,849,903,1338,1424,1448,1548,1328,1457,1311,1207,1209,1255,969,1059,1455,1623,1843,1670,1559,1629,1415,1566,1482,1540,980,1083,1506,1682,1844,1684,1877,1825,1567,1618,1317,1296,962,1031,1333,1680,1788,1703,1741,1531,1483,1575,1186,1265,875,975,1487,1806,1713,1897,1846,1636,1515,1435,1195,1466,986,917,1375,1655,1708,1847,1513,1532,1544,1456,1447,1255,892,972,1421,1499,1814,1947,1674,1756,1505,1450,1294,1151,820,894,1414,1512,1629,1495,1357,1392,1156,1204,1065,895,672,790,1172,1332,1510,1296,1301,1304,1081,1218,1123,1018,699,817,997,826,658,1180,1418,1358,1447,1584,1451,1364,1031,1150,1625,2050,1906,2093,1867,1765,1747,1621,1609,1315,848,959,1584,1634,1462,1319,1011,1072,1169,995,782,690,474,587,977,891,1190,1166,905,1009
394902,37,"Nashville, TN",msa,TN,1445,1678,1783,1911,1992,2090,1840,1627,1473,987,1005,747,850,1113,1252,1386,1792,1716,1627,1652,1729,1558,1394,756,888,1482,1647,1769,1990,1317,1268,1188,1163,1114,1197,824,905,1199,1255,1515,1706,1535,1699,1458,1276,1325,1402,1120,1177,1526,1728,1988,2173,2099,2156,1741,1866,1749,1671,1305,1426,1916,2394,2745,2774,2921,2770,2341,2314,2043,2130,1530,1639,2195,2577,2886,3100,3077,2990,2871,2759,2175,2497,1702,1774,2566,2688,3296,3676,3580,3447,3186,2889,2147,2707,1920,2063,2823,3082,3505,3664,3396,3620,3201,3038,2707,2823,2085,2167,2977,2901,3551,3662,3385,3558,3021,2984,2686,2693,1987,2051,2891,3091,3407,3597,3269,3503,2833,2799,2554,2333,2005,2283,2829,3136,3839,3744,3753,3688,3185,3195,2819,2844,2229,2482,3065,2673,2779,3864,4205,3953,3984,3788,3302,3659,2459,2544,3418,3775,3927,4515,4158,4103,3615,3185,3340,3490,2392,2443,3279,3380,3467,3657,3019,3047,2919,2384,1984,1925,1493,1716,2524,2163,2911,2916,2368,2382
395194,38,"Virginia Beach, VA",msa,VA,1143,1370,1480,1413,1581,1598,1405,1132,1130,785,801,573,690,1006,1003,1160,1544,1601,1419,1339,1349,1377,1030,677,740,1101,1250,1334,1495,1081,1068,887,792,887,856,731,624,984,1002,1142,1191,1094,1155,1031,964,937,1000,758,928,1096,1138,1407,1465,1386,1410,1139,1287,1113,1070,970,921,1285,1458,1603,1630,1856,1638,1401,1367,1200,1181,863,977,1182,1413,1623,1727,1863,1697,1495,1539,1198,1494,969,975,1676,1556,1743,2147,2171,1813,1818,1622,1379,1610,1126,1328,1694,1836,2152,2509,2130,2210,1928,1680,1603,1721,1251,1297,1856,1983,2442,2631,2182,2412,1979,2003,1803,1832,1335,1346,2069,2140,2579,2795,2608,2627,2006,1932,1763,1898,1435,1635,2117,2384,2801,2783,2910,2706,2226,2320,2074,2048,1608,1695,2265,2245,2287,3011,3368,3209,3212,2984,2730,3076,2014,2175,3086,3332,3315,4075,3708,3627,3327,3079,2779,2851,2192,1996,2855,2647,3047,3047,2701,2723,2403,1944,1515,1679,1254,1400,1941,1795,2256,2237,1954,1895
395005,39,"Providence, RI",msa,RI,644,836,912,1093,1173,1109,1011,898,982,709,701,511,579,600,711,937,1215,1303,1187,1144,1200,1277,965,631,603,920,1062,1128,1484,875,900,894,864,820,896,621,545,774,883,993,1163,1058,1059,1004,889,913,1028,723,660,891,969,1133,1383,1197,1282,1107,1153,1270,1190,841,739,1004,1133,1508,1634,1638,1655,1355,1394,1211,1193,898,739,967,1168,1407,1653,1600,1475,1480,1521,1165,1365,916,786,1007,1112,1473,1920,1932,1743,1642,1666,1297,1514,1040,1037,1268,1471,1832,2179,1914,2022,1897,1689,1605,1652,1208,1005,1373,1506,1850,2302,2044,2130,1981,1886,1658,1624,1133,1029,1337,1466,1875,2177,1987,2146,1707,1838,1674,1381,1081,995,1359,1460,1978,2043,2141,2042,1741,1838,1675,1731,1232,1132,1465,1307,1422,1766,2225,2165,2233,2300,2081,2230,1427,1210,1606,1649,1815,2441,2121,2078,1962,1666,1801,1807,1260,979,1225,1315,1473,1697,1588,1608,1432,1266,1086,1056,747,628,899,874,1077,1303,1061,1195
394714,40,"Jacksonville, FL",msa,FL,784,906,937,1063,1056,952,800,813,771,562,722,481,528,676,726,811,975,972,849,887,966,932,976,599,641,941,959,970,1155,869,865,830,806,724,914,606,701,926,1026,1003,1161,1006,1144,994,886,865,1011,682,928,1147,1123,1196,1294,1162,1256,1020,1220,1149,1271,924,976,1312,1373,1541,1555,1511,1528,1381,1322,1134,1359,934,919,1166,1386,1479,1615,1712,1552,1500,1540,1231,1557,1019,1175,1668,1767,1876,2165,2111,1861,1982,1727,1402,1758,1396,1486,2037,2099,2276,2575,2258,2395,2100,1793,1694,2000,1531,1635,2314,2315,2694,2759,2378,2621,1794,2026,1939,2139,1515,1675,2264,2505,2700,2750,2595,2515,2070,2158,1914,1894,1532,1720,2162,2622,2861,2654,2636,2610,2194,2186,1891,2230,1649,1955,2439,2096,1911,2679,3273,3004,2926,3037,2550,2847,2135,2333,3015,3278,3355,3487,3269,3080,2788,2860,2818,2878,2076,2145,2693,2622,2834,2696,2150,2221,1726,1868,1524,1548,1206,1506,2151,1933,2263,2196,1859,1724
394862,41,"Milwaukee, WI",msa,WI,722,964,1123,1287,1452,1501,1368,1093,1048,679,681,433,517,748,796,991,1319,1416,1316,1171,1268,1205,748,502,533,936,1296,1392,1445,822,775,764,703,662,661,550,499,739,808,954,1192,1060,1090,962,829,759,759,605,566,984,1137,1310,1496,1361,1382,1097,1175,925,854,741,714,1146,1284,1600,1704,1797,1662,1353,1289,1266,966,744,697,1004,1250,1539,1842,1882,1660,1445,1481,1004,1090,738,719,1283,1479,1743,2269,2108,1800,1589,1478,1041,1241,847,842,1312,1702,2017,2401,2064,2050,1725,1507,1331,1249,842,822,1353,1596,2010,2470,1980,2061,1668,1579,1289,1221,861,865,1487,1644,1939,2260,2072,2027,1625,1576,1403,1152,915,924,1274,1590,1944,2118,2099,2048,1644,1589,1334,1202,973,907,1352,1443,1450,1819,2173,1879,1776,1613,1472,1492,997,883,1441,1730,1989,2559,2513,2365,2150,2018,1816,1806,1128,1021,1408,1497,1711,1968,1775,1776,1650,1362,1135,1038,670,722,941,1028,1305,1455,1485,1508
394935,42,"Oklahoma City, OK",msa,OK,881,970,1275,1286,1382,1407,1364,1202,1121,778,799,538,716,960,979,1117,1290,1342,1243,1169,1280,1179,868,522,698,1111,1418,1308,1257,871,904,753,787,732,842,669,639,906,969,1089,1183,1163,1257,1151,1027,954,1009,724,923,1104,1221,1444,1520,1483,1535,1334,1428,1318,1224,1035,1046,1377,1574,1687,1726,2028,1976,1704,1526,1317,1262,1006,1067,1442,1515,1777,1836,1876,1802,1607,1629,1273,1454,1017,1132,1547,1546,1830,1912,1945,1840,1745,1517,1159,1393,1156,1169,1609,1704,1962,1923,1772,1833,1786,1535,1310,1459,1015,1181,1718,1592,2112,2020,1859,1872,1617,1415,1341,1437,1099,1177,1554,1493,1958,2021,1939,2026,1665,1817,1516,1413,1141,1316,1771,1849,2361,2090,2243,2169,1803,1852,1524,1598,1258,1450,1752,1677,1838,2446,2691,2504,2399,2155,1868,2051,1582,1577,2170,2391,2387,2699,2479,2486,2266,2091,2068,2069,1663,1486,1897,1948,2151,2167,2016,2127,1942,1676,1342,1274,987,1087,1433,1349,1738,1829,1656,1628
395012,43,"Raleigh, NC",msa,NC,998,1136,1232,1323,1329,1296,1131,991,858,590,676,494,591,797,853,1001,1222,1325,1141,1043,1137,1107,817,597,678,1016,1259,1317,1271,833,777,734,671,624,747,537,546,839,924,903,1084,944,1033,885,798,709,752,580,755,971,1020,1219,1401,1182,1269,1045,1076,968,1071,804,896,1219,1535,1755,1702,1761,1623,1415,1336,1135,1315,897,886,1251,1532,1804,1802,1837,1732,1416,1554,1174,1408,959,1001,1489,1502,1872,2215,2142,1901,1714,1694,1217,1539,1064,1093,1657,1843,2173,2519,2177,2182,1896,1783,1541,1601,1191,1238,2002,1868,2176,2557,2040,2208,1814,1721,1651,1577,1208,1189,1755,1927,2116,2353,2202,2137,1545,1651,1511,1406,1090,1322,1812,1862,2203,2198,2211,2050,1693,1851,1597,1807,1262,1455,1914,1691,1703,2339,2533,2158,2182,2231,1916,2077,1401,1516,1986,2136,2319,2709,2242,2310,1981,2154,2075,1916,1377,1362,1854,1869,1954,2108,1763,1773,1545,1383,1132,1075,773,1015,1453,1326,1541,1617,1404,1411
394849,44,"Memphis, TN",msa,TN,903,1045,997,1094,1122,1155,1020,936,814,563,671,494,601,739,839,857,1000,1026,922,904,967,878,803,493,604,884,1031,1115,1097,801,818,739,691,644,667,508,535,747,762,899,990,905,909,798,733,676,681,534,679,855,841,1062,975,1069,1084,931,994,842,840,729,765,900,1032,1247,1228,1343,1257,1029,1028,859,903,731,839,998,1125,1233,1307,1367,1227,1185,1197,902,1097,813,841,1127,1212,1386,1537,1572,1380,1366,1159,929,1168,825,980,1385,1456,1572,1695,1601,1556,1450,1406,1228,1288,1037,1007,1457,1445,1723,1824,1686,1838,1510,1478,1357,1260,1028,1070,1506,1593,1920,1906,1785,1844,1527,1640,1373,1240,1099,1190,1481,1704,1908,1831,1901,1849,1603,1591,1343,1414,1179,1252,1483,1524,1471,1842,2081,1927,1823,1904,1592,1840,1294,1180,1579,1653,1831,1966,2041,1959,1795,1582,1549,1566,1143,1142,1521,1430,1648,1705,1544,1609,1510,1193,1076,1018,772,898,1199,1121,1362,1400,1170,1228
394807,46,"Louisville, KY",msa,KY,874,939,1047,1241,1254,1260,1162,1062,953,652,693,488,572,762,838,1018,1317,1265,1160,1189,1266,1242,869,620,626,931,1229,1345,1469,881,853,799,820,778,819,572,609,824,915,907,1101,1003,1069,933,852,866,860,680,767,975,1064,1244,1306,1310,1458,1208,1275,1132,1075,944,931,1186,1424,1673,1574,1787,1734,1544,1373,1302,1190,888,910,1168,1335,1586,1742,1784,1774,1454,1463,1178,1315,985,919,1316,1482,1710,2103,2066,1868,1814,1658,1198,1427,1149,1241,1675,1755,1958,2204,1940,2008,1923,1803,1700,1609,1166,1182,1801,1621,1968,2147,1887,2121,1800,1656,1551,1487,1244,1381,1666,1867,2129,2196,2159,2424,1904,1828,1607,1479,1227,1245,1655,1759,2090,2075,2218,2106,1846,1857,1654,1616,1232,1340,1712,1563,1552,2153,2369,2260,1972,2172,1886,1966,1439,1388,1679,1890,1956,2214,2121,2021,2018,1973,1819,1813,1262,1280,1651,1694,1734,1832,1784,1763,1653,1464,1159,1060,848,982,1361,1139,1332,1416,1416,1422
394910,47,"New Orleans, LA",msa,LA,567,624,702,796,739,747,578,428,457,344,366,378,459,566,528,606,677,653,598,600,618,601,510,316,335,546,642,679,682,515,476,435,434,379,475,349,385,522,527,658,714,667,641,593,568,505,501,416,443,582,609,808,772,697,589,666,666,664,632,480,489,675,749,889,774,751,843,709,692,600,622,482,515,595,719,848,906,877,871,800,804,639,752,550,554,799,842,996,979,1047,1015,927,799,715,829,648,696,886,897,1026,1138,989,1029,891,865,838,802,693,621,897,843,1042,1087,962,982,806,775,732,751,620,712,886,1012,1134,1103,1106,1101,867,891,738,665,582,673,816,922,1144,1079,1055,970,886,979,760,751,702,728,871,771,720,1062,1244,1164,1155,1077,977,1070,866,947,1304,1534,1579,1806,1594,1277,952,1190,1244,1343,1067,1047,1418,1435,1497,1495,1270,1193,1053,989,794,824,670,730,966,923,1148,1208,1025,1064
395053,48,"Salt Lake City, UT",msa,UT,713,869,962,1046,1075,993,957,978,751,526,607,398,537,664,782,922,1105,1023,939,889,989,948,750,466,579,927,1079,1157,938,669,696,671,649,657,736,496,530,791,844,901,941,925,1003,856,859,781,817,664,761,989,1063,1200,1208,1176,1311,1030,1160,1024,924,773,792,1082,1258,1524,1471,1472,1390,1201,1175,990,956,784,822,1062,1171,1404,1467,1370,1344,1225,1287,962,1103,758,1023,1490,1424,1640,1807,1788,1564,1487,1306,1090,1274,920,984,1410,1493,1802,1879,1592,1773,1614,1479,1403,1291,944,955,1467,1451,1735,1807,1583,1701,1412,1558,1402,1261,1043,1108,1462,1431,1617,1770,1532,1689,1393,1424,1265,1140,760,925,1199,1509,1772,1654,1719,1685,1461,1535,1316,1251,936,1068,1232,1104,1423,1835,1979,1760,1750,1729,1485,1432,991,1023,1304,1474,1480,1729,1523,1549,1435,1424,1397,1277,818,885,1162,1213,1270,1251,968,1117,1032,820,762,702,533,719,987,847,1060,997,924,1063
394669,49,"Hartford, CT",msa,CT,1060,1467,1567,1857,2218,2060,1927,1635,1662,1220,1242,791,851,1053,1228,1541,2105,2244,2007,1688,1983,2115,1470,927,826,1448,1805,2004,2618,1331,1502,1213,1191,1258,1250,835,782,1163,1165,1450,1999,1557,1674,1369,1235,1264,1214,823,838,1384,1367,1798,2084,1995,2062,1561,1691,1731,1594,1285,895,1417,1621,2141,2347,2465,2382,1860,1851,1638,1752,1238,999,1398,1515,1842,2547,2618,2265,2125,2068,1530,1873,1183,1156,1376,1579,2058,2787,2970,2599,2345,2184,1655,2020,1374,1274,1765,2035,2241,2720,1948,1819,1376,1250,1147,1216,974,705,984,1134,2269,2960,2707,2766,2296,1786,1382,1276,931,775,1061,1232,1581,1962,1794,1879,1287,1441,1319,1175,906,767,1099,1292,1594,1955,1801,1743,1470,1460,1299,1375,1061,891,1201,1271,1418,1617,2212,2214,2067,2189,1780,1960,1337,1042,1434,1604,1783,2283,2235,2142,1834,1618,1695,1686,1161,891,1138,1182,1365,1671,1530,1573,1461,1192,1061,1003,721,629,828,770,992,1242,1076,593
394425,50,"Buffalo, NY",msa,NY,480,594,742,786,975,1059,978,860,870,631,654,416,349,460,579,711,985,1095,1063,895,965,928,634,422,372,616,752,827,1522,550,593,659,662,566,629,471,358,459,525,612,833,804,867,746,671,633,718,529,448,643,611,756,893,939,952,789,823,736,695,593,457,606,667,851,1036,971,1103,933,932,793,729,530,463,559,622,805,972,1059,1064,982,1023,681,862,549,457,655,688,816,1117,1335,1289,1176,1193,906,981,677,668,722,815,1010,1171,1223,1345,1161,1204,1027,981,810,700,820,775,1039,1170,1138,1353,1141,1298,980,1015,801,698,665,839,979,1136,1209,1289,1074,1226,1007,984,683,570,730,788,968,1001,1182,1281,1118,1131,1051,977,821,589,650,691,653,687,913,1178,1284,1409,1236,1275,889,786,760,808,913,1129,1216,1299,1229,1289,1142,1200,898,718,666,667,876,1025,1098,1239,1185,1072,936,848,612,484,540,532,723,853,853,984
394388,51,"Birmingham, AL",msa,AL,618,800,818,873,926,911,835,872,718,491,630,497,584,740,811,899,1017,957,807,874,839,845,763,597,585,911,1062,1094,1044,758,746,658,561,611,666,545,613,820,769,781,966,919,969,886,905,842,894,728,876,1059,1226,1358,1431,1327,1465,1242,1313,1230,1235,1156,1314,1767,2031,2362,2198,2370,2312,1957,2030,1684,1811,1465,1494,1950,2250,2438,2462,2521,2404,2266,2148,1614,1819,1380,1532,2081,2302,2343,2496,2161,1534,1304,1120,915,1108,849,959,1299,1417,1696,1667,1454,1608,1393,1211,1159,1195,920,1032,1542,1450,1702,1767,1518,1689,1339,1226,1260,1149,892,1148,1520,1602,1973,1822,1722,1775,1425,1459,1360,1085,926,1185,1481,1696,1897,1642,1631,1622,1420,1265,1158,1213,989,1124,1344,1291,1333,1841,1968,1787,1810,1755,1593,1618,1315,1388,1873,1918,1829,2030,1749,1817,1679,1358,1456,1415,1059,1131,1608,1598,1693,1713,1396,1450,1343,1128,976,896,702,901,1154,1064,1273,1194,1087,1129
395031,52,"Rochester, NY",msa,NY,596,684,857,1088,1199,1293,1291,975,968,736,774,451,435,596,711,870,1146,1279,1224,1016,1115,1002,817,481,494,779,984,1129,1852,676,749,728,753,697,702,509,477,613,718,848,1062,956,1055,836,768,715,766,559,564,705,771,1088,1187,1042,1217,803,1005,858,774,606,524,699,817,1060,1121,1285,1336,977,1000,826,819,574,474,630,821,981,1203,1330,1278,1020,1068,849,887,597,530,711,772,1019,1340,1547,1330,1200,1175,870,955,665,688,858,935,1250,1469,1358,1456,1149,1145,1028,1058,783,631,864,924,1198,1455,1311,1544,1206,1261,1068,1049,854,664,860,933,1174,1496,1363,1578,1078,1253,1078,955,727,671,825,962,1183,1241,1457,1570,1230,1236,1046,1044,780,634,782,781,842,889,1243,1390,1470,1474,1243,1323,916,680,860,848,1062,1356,1410,1419,1350,1285,1149,1158,750,558,764,806,1026,1208,1137,1404,1230,1033,913,874,564,430,622,580,760,1003,952,1046
394640,53,"Grand Rapids, MI",msa,MI,511,679,774,803,891,856,871,810,694,467,485,340,385,557,590,647,868,896,906,918,953,859,679,528,541,769,1030,1031,1023,685,698,681,675,643,642,504,473,669,789,740,934,916,999,898,795,763,764,628,625,834,972,1169,1159,1180,1234,1051,1221,1049,988,886,810,1085,1183,1430,1518,1627,1673,1430,1423,1128,1026,849,837,1014,1192,1555,1695,1828,1735,1600,1612,1228,1188,879,905,1193,1445,1684,2081,2062,1982,1894,1815,1303,1439,1156,1107,1441,1546,1820,2137,1999,2166,2086,1816,1508,1428,1182,994,1526,1428,1893,2171,1874,1987,1809,1863,1448,1379,1146,972,1509,1523,1870,2085,1991,2148,1727,1795,1513,1253,1010,1018,1304,1466,1847,1918,2012,1974,1659,1696,1568,1334,1207,1109,1320,1108,883,1801,2201,1879,1939,1861,1657,1511,1166,1133,1338,1548,1673,1969,1895,1893,1797,1761,1592,1460,1024,892,1173,1261,1492,1690,1683,1672,1527,1340,1128,971,690,724,989,893,1115,1368,1132,1326
395167,54,"Tucson, AZ",msa,AZ,633,769,848,858,825,721,686,684,600,430,522,366,493,629,603,707,884,887,676,645,718,761,621,542,544,899,964,891,871,558,606,573,502,518,626,526,622,768,799,802,824,719,708,716,633,749,751,658,756,1019,1022,1033,1048,918,1000,802,898,838,848,761,858,1172,1222,1342,1255,1159,1115,992,1013,848,931,778,883,1043,1223,1119,1137,1083,1045,951,973,860,952,746,909,1197,1340,1322,1432,1337,1181,1180,1113,835,1132,937,1047,1452,1496,1514,1595,1365,1377,1300,1255,1306,1313,1121,1208,1670,1521,1687,1664,1415,1477,1331,1363,1344,1254,1106,1295,1726,1755,1872,1789,1576,1558,1283,1471,1221,1224,1033,1196,1623,1786,1961,1686,1733,1649,1447,1484,1356,1464,1244,1377,1693,1430,1439,1735,1957,1654,1860,2021,1685,2013,1544,1654,2214,2179,2022,2233,1798,1677,1660,1582,1830,1783,1397,1490,1863,1653,1676,1473,1220,1206,1135,1019,817,900,832,962,1283,1244,1382,1256,1030,1016
753924,55,"Urban Honolulu, HI",msa,HI,613,770,859,762,659,656,582,604,542,376,480,260,361,428,437,462,577,584,575,604,671,694,626,434,386,589,676,659,741,571,490,548,537,499,680,438,441,530,524,529,665,572,618,617,539,671,564,439,423,509,538,585,607,632,722,590,720,683,784,506,496,628,618,692,725,758,892,740,715,719,736,581,503,636,699,791,722,774,779,734,873,624,741,578,547,690,836,805,813,838,754,821,771,606,782,621,698,756,777,826,900,788,846,809,676,661,791,712,644,818,791,889,885,827,944,898,845,829,841,625,549,822,876,881,958,831,993,857,763,742,749,592,585,755,794,855,800,949,935,904,905,807,862,672,569,718,570,497,608,780,765,844,812,720,901,714,680,908,972,919,1112,1017,1015,955,977,936,859,819,656,864,909,891,852,697,718,706,633,501,495,370,432,587,546,607,645,566,595
395169,56,"Tulsa, OK",msa,OK,755,813,903,1017,1037,1109,1013,1007,933,612,641,444,568,762,858,934,1044,1112,894,1035,960,962,723,449,523,791,1028,1043,996,674,627,681,605,550,591,450,453,624,647,612,825,828,854,799,699,674,726,565,657,828,876,1009,1012,1016,1046,857,942,814,837,703,699,965,1118,1141,1195,1177,1155,1001,909,825,858,675,701,910,1014,1141,1220,1167,1151,1081,1044,845,947,673,758,1057,1091,1260,1285,1412,1265,1116,1057,820,970,745,861,1179,1318,1350,1417,1291,1344,1238,1124,988,1015,764,855,1270,1199,1525,1437,1216,1262,1172,1188,1047,1047,844,922,1254,1306,1466,1460,1440,1515,1234,1243,1147,1001,850,1001,1331,1467,1644,1482,1533,1565,1385,1359,1119,1118,955,957,1200,1217,1266,1636,1801,1669,1693,1742,1401,1580,1127,1131,1514,1615,1740,1974,1766,1765,1751,1542,1514,1521,1183,1020,1371,1318,1426,1353,1319,1338,1283,1027,892,843,632,787,951,897,1127,988,1036,1068
394619,57,"Fresno, CA",msa,CA,206,267,334,331,344,353,362,316,385,257,335,244,237,316,395,372,436,471,418,397,431,403,436,308,290,390,445,471,541,414,412,384,373,345,383,354,303,415,437,411,515,479,545,488,497,479,527,404,454,525,511,610,609,587,647,563,684,590,592,461,524,572,618,679,660,743,688,624,630,529,618,464,462,513,694,720,669,693,677,656,682,502,668,481,524,696,741,769,919,829,773,786,745,604,736,562,590,770,806,833,967,838,931,828,792,702,793,586,573,786,843,914,1042,883,1012,856,856,779,748,627,647,845,852,978,1018,879,963,749,821,714,720,577,536,734,821,901,871,927,915,763,844,724,809,604,609,681,659,613,855,919,919,897,962,863,930,699,670,803,947,931,1091,959,994,963,943,904,896,639,634,862,895,867,854,675,742,707,583,539,483,380,446,537,521,602,610,553,404
395238,58,"Worcester, MA",msa,MA,374,536,578,725,816,731,783,551,610,471,469,320,306,442,460,644,705,947,738,721,874,841,646,350,395,649,722,773,976,560,581,584,574,545,646,400,330,506,532,578,821,667,761,652,579,587,666,431,416,557,624,757,946,905,968,698,773,808,732,552,469,646,744,1010,1054,1186,1132,953,939,834,801,606,489,624,745,947,1087,1138,1125,964,968,787,901,552,487,681,721,965,1393,1499,1326,1153,1216,871,1070,713,689,829,919,1056,1676,1286,1426,1203,1052,1004,1004,731,589,734,803,1212,1604,1418,1485,1212,1211,1116,999,758,540,755,897,1096,1422,1292,1369,1066,1110,1038,957,702,626,760,923,1105,1292,1279,1393,1125,1246,1020,1012,790,669,847,868,920,1134,1361,1412,1315,1479,1210,1292,855,683,890,961,1118,1494,1428,1367,1294,1170,1212,1254,769,647,767,854,946,1353,1172,1304,1122,1017,787,802,538,443,587,561,731,1002,870,911
394938,59,"Omaha, NE",msa,NE,537,665,725,895,900,813,778,749,730,432,546,355,432,604,789,892,1045,1019,983,983,1042,886,526,325,429,714,997,962,830,487,535,583,551,452,467,361,362,524,645,714,789,741,747,692,613,619,618,470,482,685,740,1070,1095,1021,1077,863,943,814,780,575,523,852,944,1246,1311,1330,1368,1063,1174,896,898,696,651,903,1057,1321,1448,1352,1277,1153,1024,827,935,663,671,1013,1173,1463,1581,1534,1323,1235,1209,896,1097,732,757,1101,1276,1439,1626,1369,1321,1292,1138,1066,988,741,627,1053,1093,1381,1538,1363,1416,1142,1099,1065,1048,762,718,915,1056,1369,1619,1438,1600,1298,1326,1112,990,759,788,862,991,1343,1332,1351,1450,1131,1102,1078,927,682,714,900,973,1167,1441,1566,1340,1303,1366,1189,1149,762,703,873,1111,1405,1625,1631,1385,1327,1172,1214,1102,691,699,864,1029,1063,1321,1107,1091,994,804,702,646,458,544,737,691,953,1086,892,967
394415,60,"Bridgeport, CT",msa,CT,690,928,984,1168,1473,1470,1220,1025,922,616,687,457,462,626,644,802,1140,1370,1203,981,1134,1153,1010,710,633,986,1062,1154,1861,1269,1304,964,951,869,1060,734,609,772,1009,1158,1669,1096,1283,1009,857,881,926,669,601,906,931,1283,1678,1530,1560,1046,1077,1107,1157,842,712,1086,1352,1719,1906,2145,1934,1317,1364,1257,1343,916,781,983,1172,1469,1958,1859,1796,1348,1432,1094,1282,968,913,1018,1238,1630,2185,2211,1694,1634,1407,1152,1340,1014,892,1122,1487,1574,1777,1319,1406,1121,978,908,1051,813,708,948,930,1668,2322,1916,2037,1479,1290,1009,974,746,618,800,927,1100,1500,1340,1370,972,972,932,942,710,641,818,942,1230,1310,1386,1309,1045,1076,882,1069,860,671,915,912,1015,1179,1898,2054,1927,1929,1634,1644,1249,958,1299,1458,1374,2078,1899,1761,1408,1311,1270,1297,932,755,996,998,1050,1320,1287,1295,1073,920,807,764,559,407,696,654,692,1033,864,450
394653,61,"Greenville, SC",msa,SC,680,830,807,911,872,845,783,629,607,417,501,344,410,492,497,569,681,703,632,681,647,597,554,371,374,577,688,728,789,537,503,441,479,412,444,327,336,515,503,569,626,533,631,551,488,479,481,387,442,604,585,702,771,771,791,609,658,617,696,478,460,713,825,894,876,942,982,866,766,711,680,540,552,734,831,1006,1088,1056,960,983,956,704,856,609,662,950,971,1129,1273,1195,1148,1082,991,785,943,616,718,1015,1102,1238,1366,1146,1155,1143,1073,914,982,709,796,1116,1073,1256,1364,1249,1294,1163,1040,1002,1026,779,863,1105,1197,1426,1413,1333,1369,1104,1091,1053,937,678,927,1163,1262,1454,1315,1311,1474,1178,1225,999,1188,844,929,1269,1045,1142,1538,1529,1463,1462,1471,1247,1310,993,987,1490,1450,1489,1694,1519,1494,1453,1281,1260,1341,958,1009,1309,1276,1346,1432,1208,1302,1169,955,915,843,642,745,971,916,1164,1112,997,981
394312,62,"Albuquerque, NM",msa,NM,554,656,703,721,787,724,632,609,522,412,431,344,350,500,561,589,715,789,674,711,770,680,544,353,401,679,715,770,739,578,530,484,483,478,524,368,414,580,541,625,673,631,638,507,568,490,526,402,516,609,609,797,669,715,798,661,714,603,653,520,595,710,782,939,925,977,909,766,769,579,651,555,565,724,729,837,853,873,865,732,773,617,682,555,580,860,872,928,1025,1101,987,937,869,667,844,590,689,949,1044,1041,1133,1091,1097,1005,847,825,899,663,683,1031,1070,1266,1271,1113,1137,1013,936,808,828,729,696,1054,1085,1197,1189,1150,1166,983,1001,898,842,722,722,972,1165,1305,1158,1246,1260,1083,1035,914,980,821,839,1011,976,952,1187,1496,1282,1283,1278,1176,1199,947,922,1158,1165,1186,1345,1356,1336,1268,1201,1148,1036,822,727,1043,979,1050,1110,971,1006,920,798,690,658,512,597,740,650,773,817,755,771
394357,63,"Bakersfield, CA",msa,CA,271,296,355,407,407,392,401,436,416,270,353,288,282,393,359,409,436,511,461,434,521,447,460,338,315,479,488,526,581,443,464,466,435,408,467,384,322,505,515,506,528,480,618,587,508,593,567,469,467,610,584,662,724,625,684,540,715,606,602,516,434,589,609,745,719,806,758,664,709,632,571,527,508,617,656,791,766,797,825,672,766,609,629,507,480,682,782,836,875,949,825,811,763,617,707,584,578,796,799,833,934,805,873,853,767,723,729,643,612,884,768,925,980,852,926,811,852,740,787,679,635,878,831,1057,1044,977,986,778,930,770,708,627,589,798,914,906,884,1022,1065,932,885,728,720,668,618,766,689,616,907,1134,959,1120,1086,970,1127,922,847,1121,1131,1096,1174,1112,1119,1027,1030,1005,981,852,775,1050,1049,983,999,809,921,757,705,588,601,467,507,708,612,672,678,647,653
394308,64,"Albany, NY",msa,NY,317,358,389,474,552,561,605,503,511,417,387,231,210,302,314,362,509,591,571,499,545,557,415,269,230,348,402,441,691,363,374,309,338,341,324,267,224,310,272,374,417,404,477,403,354,353,369,297,259,311,366,458,461,474,560,429,443,443,363,356,274,362,388,482,521,599,591,474,522,426,471,341,252,327,366,427,531,546,587,513,517,391,521,328,296,391,419,499,623,699,710,628,592,481,540,426,352,465,535,570,778,728,743,676,614,598,580,437,354,493,480,622,824,663,770,640,643,596,627,462,353,549,564,660,757,659,771,672,620,586,462,398,330,392,446,517,544,618,666,547,567,497,476,404,325,351,352,378,372,593,611,653,646,654,675,479,426,536,534,574,744,850,809,622,536,429,533,437,291,330,341,355,363,386,463,383,400,388,346,316,233,281,239,302,325,398,446
394753,65,"Knoxville, TN",msa,TN,764,873,966,1070,989,931,972,775,738,516,512,387,446,537,577,676,842,880,781,814,838,773,650,443,465,753,860,889,844,633,655,605,579,580,530,386,470,600,650,697,723,698,721,710,608,561,584,442,508,711,766,869,880,763,845,688,711,764,656,572,600,721,876,1056,1060,1052,1099,948,891,820,734,559,592,866,903,1089,1104,1169,1110,910,959,795,903,652,680,999,1077,1242,1327,1395,1205,1210,1089,864,1041,715,906,1114,1315,1416,1592,1395,1384,1313,1145,1032,1058,848,912,1262,1253,1534,1517,1402,1443,1298,1303,1137,1143,940,1004,1287,1429,1643,1700,1563,1651,1355,1376,1229,1033,870,936,1227,1360,1633,1452,1589,1502,1328,1355,1148,1220,933,958,1262,1222,1238,1606,1824,1524,1597,1521,1336,1484,1086,1134,1452,1539,1536,1811,1668,1719,1619,1412,1502,1491,1089,1100,1410,1356,1488,1481,1504,1452,1293,1083,942,989,695,712,1009,967,1159,1152,1086,1058
394367,66,"Baton Rouge, LA",msa,LA,564,711,693,769,804,790,684,371,517,403,479,379,421,577,565,599,682,705,601,608,539,537,487,352,385,557,646,702,637,527,451,439,431,351,409,362,345,495,465,538,586,526,591,505,448,358,391,322,407,529,535,635,682,619,548,617,567,503,503,412,470,627,699,725,758,819,858,647,598,499,521,448,527,598,700,821,835,812,760,699,625,512,624,500,556,695,708,873,877,915,892,845,689,581,669,542,612,844,824,1024,1015,931,754,907,1013,875,876,765,714,939,902,1021,1121,1022,984,884,813,761,723,581,657,945,915,997,1011,1073,966,808,763,705,632,566,701,831,957,1060,916,1024,954,805,874,678,707,625,635,831,793,737,1129,1279,1101,1122,1131,980,1055,794,904,1273,1253,1380,1433,1413,1092,1064,1028,993,1018,720,841,1003,1037,1116,990,901,836,748,630,546,528,432,492,670,650,751,752,747,659
394843,67,"McAllen, TX",msa,TX,,,,,,,,,,,,,,,,,,,,,,,,,41,218,229,,,149,162,146,138,131,159,149,129,180,134,145,174,145,186,167,158,144,130,118,138,159,147,177,185,181,191,160,207,146,169,144,163,156,188,200,197,183,186,173,206,174,161,143,146,182,199,186,208,232,212,191,180,171,200,178,151,221,206,230,222,278,200,221,230,171,234,167,169,220,248,219,254,234,260,243,195,225,200,161,219,253,227,338,320,247,249,227,206,200,211,183,203,240,249,273,273,237,282,235,234,215,216,202,250,285,322,330,302,276,267,266,285,245,268,252,243,281,234,219,329,342,343,321,320,289,308,287,231,341,348,347,394,341,370,332,312,279,345,332,334,389,317,371,343,306,315,291,294,239,282,207,230,313,261,289,271,233,327
394908,68,"New Haven, CT",msa,CT,579,685,784,952,1035,950,967,714,767,589,566,382,313,483,586,669,937,1093,919,841,929,979,763,483,439,702,776,874,1317,672,667,662,554,568,661,457,424,519,616,724,921,716,738,702,539,569,649,481,414,629,636,785,955,853,952,751,717,781,813,546,516,592,779,941,1141,1156,1129,868,918,839,819,532,526,652,742,907,1103,1134,1008,939,965,747,857,512,527,720,853,907,1381,1331,1216,1132,1070,820,1006,700,639,855,901,1026,1241,1008,1002,801,792,702,772,587,474,657,670,1226,1582,1306,1439,1096,995,837,782,610,521,667,796,918,1282,1113,1069,767,923,779,684,521,509,659,840,1067,1107,1156,1117,867,879,813,835,674,576,751,725,759,961,1325,1329,1303,1426,1248,1259,938,756,962,1039,1070,1409,1342,1295,1169,1053,1004,1022,760,609,816,787,894,1097,989,1050,907,763,717,680,498,431,609,522,678,806,678,374
394561,69,"El Paso, TX",msa,TX,264,305,341,314,368,353,298,314,276,241,261,224,260,320,297,321,363,376,356,353,384,362,330,220,267,395,394,410,492,311,314,307,281,277,296,207,200,269,273,297,336,289,332,296,282,252,290,231,267,286,328,329,371,320,300,302,314,285,301,237,222,295,372,358,368,435,381,361,346,257,319,272,272,366,399,396,488,418,416,379,395,315,374,325,289,447,489,465,540,500,437,420,423,340,381,314,359,498,483,507,565,489,527,460,486,397,446,389,391,523,489,587,614,511,563,501,546,496,487,429,495,645,709,743,674,680,642,536,532,502,517,439,465,632,704,825,678,691,749,554,650,476,578,500,501,594,559,585,779,793,771,649,654,634,726,605,559,667,688,658,782,756,780,721,728,671,685,557,574,703,636,650,750,626,734,616,544,503,537,417,413,530,469,592,580,579,584
394318,70,"Allentown, PA",msa,PA,511,630,667,724,760,711,736,638,603,460,500,312,285,428,476,564,724,755,711,691,669,753,523,287,304,514,624,666,838,507,514,454,457,493,464,330,283,378,410,501,582,531,583,533,527,509,525,361,333,466,535,601,661,686,725,572,576,610,538,480,422,571,607,770,831,926,857,752,725,619,652,437,383,463,533,688,816,859,807,727,804,616,752,472,418,620,643,767,1037,1005,1062,836,880,701,733,568,515,655,788,909,1143,1003,1069,955,950,845,850,615,585,825,820,1092,1295,1076,1225,971,999,918,870,653,568,831,901,1133,1265,1199,1338,987,1035,979,790,636,634,792,964,1183,1215,1184,1294,1021,1037,1001,992,734,662,866,697,569,740,1390,1400,1418,1487,1324,1307,983,755,1039,1022,1094,1420,1474,1381,1278,1265,1170,1190,891,679,921,962,1011,1190,1077,1109,1106,893,764,743,567,502,720,653,770,890,777,851
394952,71,"Oxnard, CA",msa,CA,278,296,469,432,439,507,529,416,441,359,379,314,381,682,883,918,896,744,633,654,635,561,633,387,438,577,594,634,688,557,517,498,463,430,496,385,392,492,485,490,568,535,564,560,511,442,551,408,400,583,605,751,726,679,780,665,709,675,719,447,498,710,727,782,773,836,828,689,735,594,673,482,429,573,722,737,762,780,796,657,701,589,667,495,487,733,882,863,949,942,871,851,781,562,737,512,489,784,744,868,1011,890,883,768,751,678,731,580,495,806,761,878,1034,846,885,795,765,684,635,549,519,757,723,868,811,814,865,633,753,565,540,475,499,628,771,856,840,880,869,767,837,650,615,539,537,684,541,378,699,911,984,972,975,855,948,647,649,902,1002,935,1001,976,884,910,831,843,757,526,534,854,759,766,782,629,675,615,518,397,414,297,340,497,502,534,519,454,559
394486,72,"Columbia, SC",msa,SC,497,607,671,699,745,800,621,552,509,350,364,266,283,433,405,444,614,616,607,601,574,566,539,287,312,451,520,627,685,528,437,412,369,366,444,262,236,423,338,444,476,392,461,392,356,370,411,300,318,409,411,455,495,537,593,450,483,419,469,348,341,483,547,693,697,712,759,604,621,464,561,388,420,603,650,710,837,796,806,750,738,579,726,564,574,762,823,882,1076,1060,959,845,759,601,729,618,698,868,918,1107,1165,1085,1106,985,920,773,819,681,680,1035,990,1150,1253,1208,1173,1057,963,824,855,671,780,1084,1036,1274,1336,1226,1293,953,981,912,955,683,780,1050,1141,1317,1282,1298,1263,1008,1060,885,955,810,825,1128,911,988,1341,1446,1269,1272,1323,1124,1305,895,923,1342,1269,1381,1582,1521,1485,1404,1278,1178,1184,859,935,1223,1144,1336,1309,1124,1188,1076,927,802,754,594,631,899,800,984,1078,878,903
753906,73,"North Port, FL",msa,FL,680,776,910,963,824,780,663,599,604,511,657,490,594,818,849,830,1004,991,841,916,968,956,1119,770,886,1278,1259,1209,1234,816,814,815,745,844,1082,813,984,1334,1357,1359,1258,1079,1069,949,968,949,1202,979,1142,1526,1588,1599,1442,1242,1308,1073,1247,1273,1385,1096,1257,1705,1820,1837,1558,1540,1560,1282,1350,1210,1404,1140,1192,1584,1838,1688,1609,1499,1435,1385,1505,1138,1475,1179,1260,1910,2007,1962,1966,1811,1636,1555,1498,1282,1563,1247,1319,1853,1965,1949,1903,1601,1681,1568,1463,1407,1593,1274,1431,2069,2007,2154,2000,1670,1815,1345,1411,1454,1608,1423,1543,2121,2288,2216,2069,1868,1901,1444,1547,1529,1415,1174,1440,1997,2231,2324,1995,1855,1833,1609,1729,1514,1794,1424,1625,2142,1592,1219,1838,2359,2271,2301,2333,2195,2602,1884,2176,3362,3159,2728,2957,2405,2194,2082,2058,2148,2301,1726,1759,2244,2241,2255,1852,1500,1507,1047,1240,955,1086,899,1127,1763,1632,1796,1650,1242,1256
394457,75,"Charleston, SC",msa,SC,519,577,642,656,731,677,578,501,424,290,320,268,276,391,360,495,568,622,523,526,547,527,501,322,399,523,612,633,654,495,479,441,438,413,428,325,323,533,529,560,607,579,626,537,482,434,535,367,430,633,620,787,739,720,783,601,662,622,636,465,520,758,803,1019,1007,1003,1073,886,808,661,775,569,586,841,932,1049,1160,1109,1044,926,949,709,871,650,700,1116,1157,1234,1468,1367,1104,1186,992,765,1004,798,854,1135,1267,1433,1632,1377,1435,1289,1116,965,1119,869,1025,1393,1251,1514,1721,1443,1451,1115,1063,1139,1126,914,924,1427,1343,1583,1750,1536,1561,1041,1160,1083,1060,816,1027,1327,1430,1662,1693,1588,1547,1155,1208,1162,1249,1006,1086,1396,1226,1221,1792,2171,1851,1920,1938,1538,1787,1301,1391,1859,1831,1909,2127,1892,1805,1662,1735,1482,1480,1144,1115,1537,1496,1598,1592,1383,1307,1214,1098,877,844,664,796,1141,1100,1209,1315,999,1020
394648,76,"Greensboro, NC",msa,NC,551,584,578,637,692,612,565,493,456,304,360,275,325,349,424,440,486,554,502,485,538,496,393,266,282,477,559,597,659,399,369,361,296,321,423,256,267,401,428,471,498,498,512,440,395,363,410,317,360,495,469,517,581,518,501,487,506,515,449,385,426,591,683,700,701,648,688,568,605,473,495,389,425,488,542,682,743,732,669,606,675,541,622,443,449,615,628,720,802,891,802,663,736,565,661,463,522,754,824,898,978,847,884,785,753,763,751,597,600,860,816,939,1076,898,1001,909,786,751,741,545,597,798,872,1050,1136,974,1053,837,832,763,710,639,688,880,915,1063,960,1061,1016,860,964,775,825,671,704,855,783,764,1027,1158,1054,1042,1128,909,1006,761,798,1037,1024,1103,1285,1194,1178,1147,1118,1055,1109,852,769,983,967,1003,1103,912,956,936,828,743,659,571,610,781,704,788,838,853,1106
395134,77,"Stockton, CA",msa,CA,151,201,273,351,356,404,412,353,361,298,338,261,230,299,330,331,386,446,400,396,492,391,462,364,338,470,469,486,567,452,470,433,418,399,468,319,329,466,443,445,498,454,497,475,476,506,469,408,423,564,486,523,548,521,654,500,639,531,597,403,492,532,619,640,556,645,657,607,637,526,534,450,399,483,538,604,588,612,576,548,627,452,535,428,452,603,606,739,795,791,746,736,726,458,693,538,487,676,677,734,778,746,752,711,693,714,693,505,454,692,686,775,895,706,841,754,769,653,651,504,482,681,636,733,759,656,758,587,683,553,542,433,455,581,630,751,675,746,719,604,750,565,599,503,447,563,470,398,607,744,731,764,817,712,791,549,540,694,795,779,847,816,790,829,823,747,719,518,551,713,677,655,612,465,557,518,412,336,357,253,314,438,364,540,450,425,334
394440,78,"Cape Coral, FL",msa,FL,644,857,1063,1004,900,828,724,666,688,507,766,560,714,991,1100,1140,1269,1132,1029,1060,1146,1065,1300,967,1108,1573,1657,1389,1334,988,940,944,896,908,1122,1030,1224,1727,1660,1569,1447,1153,1174,1072,985,1056,1096,1069,1287,1717,1710,1653,1462,1214,1169,1041,1139,1164,1290,1181,1257,1756,1886,1879,1582,1512,1382,1278,1280,1159,1339,1200,1265,1706,2044,1981,1640,1476,1391,1351,1454,1255,1700,1319,1510,2047,2193,2029,2043,1783,1551,1573,1619,1306,1715,1305,1301,1941,2171,2016,1836,1557,1635,1446,1459,1487,1609,1348,1407,2246,2003,2112,1986,1637,1724,1070,1371,1361,1699,1523,1572,2283,2538,2295,2033,1864,1917,1432,1521,1522,1458,1247,1477,2008,2350,2426,1946,1965,1816,1598,1683,1486,1935,1538,1725,2290,1832,1307,1823,2227,2234,2264,2668,2260,2686,2023,2378,3712,3736,3339,3438,2901,2527,2507,2394,2399,2735,2153,2403,3254,3153,3053,2611,1912,1909,1441,1235,1346,1437,1342,1564,2291,2161,2339,1968,1586,1539
394399,79,"Boise City, ID",msa,ID,442,550,536,572,614,580,543,583,446,307,374,309,344,478,535,588,754,700,659,679,729,690,515,380,478,748,829,792,779,565,644,689,645,659,715,503,613,807,822,827,902,818,842,770,742,688,689,564,634,719,850,790,884,811,899,746,807,736,680,496,600,720,882,1127,1047,1150,1076,927,798,722,730,568,557,794,959,1098,1044,1133,1042,943,941,714,772,588,673,974,1147,1201,1397,1314,1205,1163,1063,812,961,648,749,1056,1215,1348,1544,1375,1368,1287,1100,1157,1007,686,654,979,1127,1409,1566,1378,1502,1397,1239,1121,1015,789,836,1121,1225,1600,1614,1596,1634,1204,1402,1218,959,844,970,1161,1320,1635,1593,1606,1503,1283,1331,1127,1120,951,947,1319,1170,1102,1545,1792,1669,1605,1560,1250,1118,737,686,1007,1141,1123,1259,1297,1173,1228,1195,1111,948,750,746,996,1009,1055,961,791,850,793,766,625,560,432,604,731,680,807,912,694,795
394484,80,"Colorado Springs, CO",msa,CO,425,622,676,659,789,856,656,588,607,357,400,286,348,463,515,542,818,888,722,749,667,688,615,330,469,637,656,882,900,672,631,499,540,560,506,377,319,592,594,650,752,704,711,627,563,517,535,385,403,600,697,796,876,911,788,652,806,663,676,578,587,821,861,1108,1113,1296,1105,1005,944,793,694,579,638,844,1021,1214,1374,1347,1259,1161,1084,823,974,703,756,1116,1327,1637,1702,1669,1558,1391,1263,991,1203,838,1022,1358,1518,1760,2110,1727,1778,1677,1461,1385,1389,1030,1045,1499,1495,1801,2107,1879,1995,1690,1573,1284,1185,1017,1046,1381,1459,1711,1796,1627,1671,1307,1403,1116,1049,852,1017,1217,1426,1621,1724,1775,1673,1459,1405,1205,1197,915,1034,1256,1297,1150,1821,2014,1836,1885,1805,1483,1392,921,983,1415,1520,1534,1866,1840,1804,1699,1598,1529,1298,1000,974,1279,1425,1439,1490,1254,1258,1215,1035,808,767,626,709,981,957,1238,1228,972,942
394798,81,"Little Rock, AR",msa,AR,572,663,688,799,774,785,767,663,622,427,485,355,432,517,630,651,857,891,723,769,839,729,700,402,536,779,1037,1067,988,697,723,638,665,631,635,479,517,763,764,843,928,906,975,866,781,755,803,652,798,986,1007,1269,1362,1304,1441,1160,1316,1247,1144,1257,1375,2014,2565,3426,3436,3308,3444,3088,2997,2325,2618,2128,2198,2594,2930,3344,3454,3408,3264,3096,3263,2598,3019,2193,2514,3289,3505,3742,4185,4381,5334,5068,4061,2654,2769,1818,1635,1577,1297,1321,1192,902,926,910,1112,1153,1227,994,1010,1386,1258,1352,1398,1063,1003,938,865,812,725,585,665,852,978,1136,1043,1020,1056,822,865,800,730,557,727,869,958,1113,1021,1048,1021,956,890,713,805,628,723,877,871,949,1144,1291,1205,1179,1157,1020,1026,783,784,1029,1095,1214,1423,1296,1234,1218,1149,1070,1025,782,797,1038,1013,1290,1109,1062,1129,919,785,666,668,520,568,778,676,805,881,772,799
394766,82,"Lakeland, FL",msa,FL,356,412,396,402,408,390,334,348,304,228,303,189,248,315,311,308,348,380,349,366,397,390,414,291,321,433,479,415,486,371,350,340,327,316,386,318,361,485,500,456,467,442,506,456,433,457,467,389,430,557,562,570,508,539,548,443,552,481,525,419,462,662,672,649,598,624,621,572,573,475,568,432,491,593,663,688,633,630,620,560,652,485,632,474,528,755,785,752,789,739,742,738,689,588,788,526,695,814,843,885,929,874,950,776,793,765,859,692,703,962,905,1021,1037,937,993,696,831,836,853,688,742,973,1059,1196,1143,1082,1163,898,1044,863,856,657,807,1066,1208,1260,1063,1111,1088,957,977,934,934,740,798,991,836,679,1038,1113,1147,1178,1184,989,1208,862,968,1292,1349,1119,1322,1165,1178,1143,1165,1174,1174,982,994,1300,1116,1175,1113,943,944,767,813,643,752,532,650,924,883,973,937,836,831
394304,83,"Akron, OH",msa,OH,211,242,290,313,423,373,350,350,315,205,208,128,152,193,247,275,318,372,339,342,355,358,288,156,191,274,378,406,454,246,269,252,222,223,227,134,122,217,212,258,298,293,377,318,244,241,265,202,210,298,317,413,440,404,515,377,452,393,413,272,228,372,396,521,577,634,583,494,513,393,432,288,286,388,439,580,648,654,620,643,597,457,508,329,333,466,543,672,779,813,755,653,608,449,581,395,387,604,647,727,878,829,796,758,672,602,584,409,439,603,652,858,988,727,892,715,718,645,592,416,418,638,697,926,856,896,901,701,763,657,584,439,442,565,735,823,855,865,873,698,732,549,543,413,450,546,599,600,759,973,907,916,919,786,788,493,483,676,727,787,937,935,933,949,863,771,788,544,524,621,636,781,850,746,837,772,649,582,525,356,424,539,486,598,673,591,655
394531,84,"Des Moines, IA",msa,IA,481,496,659,729,768,796,728,699,574,410,401,275,325,426,529,611,762,831,731,785,771,719,420,288,332,524,738,817,879,446,488,502,444,445,459,294,323,447,538,580,723,643,624,646,575,481,568,371,406,605,672,811,862,765,859,646,732,683,660,512,518,724,794,1056,1067,1123,1091,884,874,709,696,445,482,694,784,1056,1124,1138,1009,905,922,718,802,541,567,825,1022,1291,1416,1423,1186,1005,1040,760,892,707,670,958,1109,1293,1576,1291,1223,1098,1060,969,974,725,702,1062,1046,1377,1627,1333,1275,1096,1086,944,960,657,680,1035,1148,1480,1497,1406,1431,1002,1108,1048,853,641,645,835,1037,1310,1331,1307,1314,1104,1059,908,937,738,687,942,1032,1164,1526,1727,1538,1411,1411,1165,1178,807,771,1125,1215,1307,1587,1424,1332,1158,1181,1094,977,722,692,950,988,1128,1294,1074,1134,957,823,741,631,454,508,759,526,545,598,535,453
395115,85,"Springfield, MA",msa,MA,290,344,363,454,540,515,560,451,471,274,359,173,192,274,343,363,564,533,609,490,565,586,381,255,212,376,481,464,740,365,371,352,334,328,401,297,177,269,305,402,484,470,544,409,355,409,351,261,233,358,358,470,573,500,586,449,481,459,438,302,265,363,382,531,591,648,666,536,522,464,472,318,260,290,419,521,660,638,682,593,615,447,495,349,264,348,415,547,738,815,735,679,606,446,556,436,371,474,491,659,872,734,822,708,572,612,645,463,300,536,508,657,871,784,908,723,664,621,582,474,351,441,499,665,873,879,866,641,668,627,559,427,355,465,598,715,824,834,842,719,723,589,668,457,364,488,490,563,676,875,825,845,846,731,870,531,484,604,624,624,870,832,853,853,796,770,799,542,410,537,585,616,882,678,761,657,618,573,498,350,286,387,410,476,614,571,586
394931,87,"Ogden, UT",msa,UT,465,514,560,584,597,600,540,497,438,344,370,286,306,400,410,452,619,600,508,537,566,517,398,259,294,549,593,568,471,414,389,365,371,364,367,265,292,414,421,451,493,456,442,438,451,419,435,293,415,499,548,607,623,612,671,561,638,552,521,416,433,603,728,814,747,808,776,609,640,491,554,425,446,600,674,796,753,799,812,758,700,571,623,441,546,831,867,895,972,981,862,903,752,601,736,530,561,814,941,1014,1043,912,1033,972,865,769,824,510,573,803,800,1014,1015,945,1060,953,925,758,751,618,700,825,811,967,992,930,1007,745,806,804,625,491,575,798,776,1041,985,1042,986,840,906,762,760,601,616,736,775,879,1093,1147,1074,1035,961,862,782,539,624,691,820,833,904,887,911,912,859,787,830,506,580,718,772,781,746,576,661,688,531,416,459,374,480,584,539,627,626,540,653
394816,88,"Madison, WI",msa,WI,307,399,517,679,765,748,596,426,377,241,300,156,213,319,427,609,754,880,647,540,545,503,322,207,291,425,702,741,841,433,402,326,287,300,296,263,213,356,462,537,647,586,537,411,313,353,317,276,277,433,508,676,901,763,710,504,540,446,434,362,352,533,721,972,1035,1079,1013,704,604,568,476,364,357,541,665,903,1106,949,784,672,670,477,561,365,398,670,840,1052,1285,1241,884,759,764,548,553,418,368,704,876,1015,1369,1068,992,781,670,566,625,427,402,670,762,975,1315,1082,1030,825,725,656,579,473,444,699,797,993,1232,1047,1030,754,756,683,501,344,451,571,656,948,1052,1037,939,685,634,650,594,418,416,616,694,776,996,999,993,1030,933,791,759,473,438,657,795,920,1171,1090,965,842,786,695,655,416,353,568,604,738,947,753,795,677,514,459,405,252,268,447,418,571,690,637,568
395235,89,"Winston, NC",msa,NC,432,424,483,540,600,513,476,426,367,303,293,231,243,269,304,425,470,434,439,402,443,399,343,244,266,379,493,524,508,330,315,333,290,287,325,252,224,357,360,444,488,437,434,400,366,321,350,274,355,378,396,494,464,453,484,436,432,386,415,351,369,527,554,664,644,634,605,507,540,437,396,355,365,443,528,619,646,628,639,508,604,415,567,364,383,540,597,684,741,754,650,637,600,438,534,399,457,596,679,794,922,784,814,691,637,603,692,508,513,721,743,931,949,742,868,760,841,676,655,542,526,771,804,1004,1078,933,963,742,804,723,688,569,581,778,834,973,947,959,908,756,894,696,711,612,597,770,817,812,948,1025,961,919,1014,855,994,683,738,973,955,1034,1174,1138,1096,1102,991,967,999,754,597,874,898,942,1026,855,927,878,780,666,650,434,506,766,600,778,742,767,943
394528,90,"Deltona, FL",msa,FL,458,480,531,598,518,536,528,484,430,354,426,270,370,442,485,516,564,634,590,615,575,598,636,427,464,615,688,661,729,547,572,541,529,517,608,450,494,679,740,719,752,694,765,633,638,602,756,566,659,785,845,924,834,816,877,769,865,806,835,677,779,917,1100,1079,936,1118,1083,930,891,819,886,664,727,877,1043,1022,1039,995,1063,975,973,825,1042,703,889,1099,1194,1164,1312,1217,1197,1152,1068,898,1215,833,929,1289,1300,1365,1572,1305,1429,1202,1075,1039,1190,920,1054,1477,1341,1542,1588,1405,1407,1058,1150,1114,1315,954,1080,1408,1506,1654,1592,1433,1569,1311,1298,1115,1210,864,1026,1306,1484,1633,1378,1432,1372,1148,1219,1128,1357,1016,1103,1366,1056,978,1506,1734,1689,1679,1657,1454,1721,1223,1360,1841,1907,1733,1887,1709,1574,1536,1482,1580,1636,1180,1318,1717,1529,1524,1361,1271,1284,1008,1018,732,863,634,877,1202,1098,1261,1173,1012,960
395143,91,"Syracuse, NY",msa,NY,355,360,440,536,663,705,655,583,578,412,378,236,233,314,384,433,586,705,666,582,640,598,485,264,277,354,484,559,910,422,490,384,415,409,441,258,224,312,329,434,571,558,616,520,477,399,515,330,281,337,393,558,633,623,710,495,578,543,463,375,266,393,427,539,587,735,731,585,621,474,451,356,296,367,433,494,673,668,693,627,685,477,551,348,321,415,438,478,675,866,759,719,692,523,601,410,375,476,464,615,742,733,852,766,774,605,589,466,411,477,509,686,863,803,953,712,720,585,637,488,370,445,522,651,759,769,907,705,866,610,539,454,361,434,493,636,717,809,801,756,780,637,619,467,336,416,468,494,527,682,870,798,901,800,927,558,516,536,625,620,768,849,931,719,744,668,674,475,407,413,414,463,624,622,745,677,613,544,502,332,295,330,279,432,485,494,610
395006,92,"Provo, UT",msa,UT,258,276,324,346,331,402,368,345,278,211,232,185,216,323,331,357,483,499,440,420,409,386,373,232,272,417,456,424,382,303,373,343,296,299,331,276,279,380,375,390,473,377,445,376,381,355,407,279,319,397,411,473,463,426,485,445,448,437,386,311,308,412,502,604,602,598,576,507,452,377,417,286,377,467,501,568,519,610,636,516,538,463,438,323,413,559,652,632,788,758,735,618,561,398,533,390,405,606,615,709,777,710,795,722,613,581,558,427,406,561,602,708,764,655,858,704,691,565,543,422,470,552,594,710,782,736,763,593,604,543,499,408,407,569,686,778,753,852,872,668,719,569,578,401,491,663,570,686,951,965,897,868,844,710,651,428,483,611,815,749,899,890,905,800,769,780,669,447,458,621,620,642,633,492,520,546,426,367,318,261,358,427,419,427,469,439,446
395160,93,"Toledo, OH",msa,OH,186,215,257,304,307,306,303,305,245,178,165,120,116,152,187,227,277,301,302,295,320,296,214,136,139,304,290,354,335,205,242,200,202,184,207,138,134,185,215,232,282,278,271,271,249,225,245,141,191,222,237,350,372,345,371,318,364,340,297,267,250,280,316,417,459,420,452,405,427,357,345,241,218,287,389,506,567,522,537,504,495,369,356,283,307,346,460,484,592,571,544,487,488,358,478,294,313,468,497,595,619,590,613,639,560,447,494,325,361,500,492,623,707,608,682,567,555,478,438,337,339,512,537,691,738,666,716,516,601,453,359,264,296,380,491,686,632,546,588,478,505,426,448,296,310,400,367,380,576,667,638,622,646,542,519,389,370,522,511,590,687,691,667,639,658,572,560,408,374,452,503,579,630,627,585,560,556,413,405,287,302,374,394,433,538,439,432
395224,94,"Wichita, KS",msa,KS,62,80,74,78,96,82,82,87,88,64,70,62,59,83,94,117,113,125,116,111,84,87,80,53,66,79,134,126,102,80,78,94,81,83,96,49,68,124,105,95,133,130,138,111,93,96,115,71,106,112,132,154,151,173,179,147,162,156,143,149,124,198,244,273,271,299,317,282,253,243,194,179,194,249,296,391,327,362,331,292,280,229,269,197,195,292,321,358,434,447,364,409,342,236,331,237,240,394,416,465,493,474,519,415,368,331,341,284,256,387,374,480,498,432,448,413,405,346,346,236,267,428,398,525,509,456,431,395,364,308,290,217,308,362,387,469,433,417,409,314,297,306,300,247,259,302,292,313,414,467,397,345,405,296,285,300,200,266,314,335,389,352,362,286,250,248,214,190,167,224,236,200,275,226,271,187,190,142,139,107,98,170,104,99,128,130,91
394549,95,"Durham, NC",msa,NC,334,433,484,677,689,603,502,361,297,231,299,196,227,296,345,479,627,580,467,392,413,441,351,220,237,372,493,596,687,373,325,294,285,257,294,255,225,311,400,417,515,413,429,375,278,294,275,249,284,371,434,616,642,547,496,390,409,387,380,318,303,447,567,766,802,750,633,466,547,419,489,379,330,466,587,755,817,725,640,543,564,415,487,393,347,582,562,800,952,858,697,644,572,441,574,444,453,603,721,886,1102,864,843,711,660,610,608,472,470,729,783,1033,1041,870,857,699,668,630,596,479,486,782,822,987,999,961,864,630,691,653,555,448,534,681,753,982,1017,950,875,718,713,631,689,521,541,647,768,666,897,990,871,888,880,771,768,612,589,813,931,930,1219,1001,959,860,853,811,813,573,583,765,814,931,979,767,739,680,580,496,485,371,426,633,591,706,783,591,670
394602,152,"Fort Collins, CO",msa,CO,209,300,355,415,466,438,430,354,367,220,217,143,166,232,266,298,452,501,451,356,364,331,292,167,178,322,385,452,545,414,329,305,275,239,253,195,173,287,291,408,423,435,454,327,283,264,259,207,165,309,344,442,494,495,550,431,448,369,360,346,332,435,489,637,677,737,697,505,442,391,399,269,284,413,516,649,695,747,642,616,581,388,448,328,311,494,540,607,797,729,685,614,564,400,519,313,332,515,524,620,672,705,657,597,578,461,462,326,341,535,534,657,677,650,669,563,569,524,478,390,343,510,533,696,741,666,676,534,490,454,396,282,331,479,579,685,634,654,684,526,517,436,459,349,378,537,448,356,761,846,811,781,772,551,554,377,436,614,672,771,864,838,775,713,616,599,522,311,359,485,536,631,724,582,567,509,393,332,276,241,268,382,365,477,480,415,453